batch,plate,sample,well,volume
122,ABCD,z16_1,E1,24
122,ABCD,z16_1,F1,24
122,ABCD,z16_1,G1,24
122,ABCD,z16_1,H1,24
122,ABCD,z16_1,H2,24
122,ABCD,z16_2,G2,24
122,ABCD,z16_3,F2,24
122,ABCD,z16_4,E2,35
122,ABCD,z16_4,D2,35
122,ABCD,z16_5,C2,35
122,ABCD,z16_5,B2,35
122,ABCD,z16_5,A2,24
122,ABCD,z16_5,A3,25
122,ABCD,z16_5,B3,34
122,ABCD,z16_5,C3,35
122,ABCD,z17_1,F4,25
122,ABCD,z17_1,E4,35
122,ABCD,z17_1,D4,35
122,ABCD,z17_1,C4,35
122,ABCD,z17_1,B4,35
122,ABCD,z17_2,A4,32.5
122,ABCD,z17_3,A5,35
122,ABCD,z17_4,B5,35
122,ABCD,z17_5,C5,35
122,ABCD,z17_5,D5,35
122,ABCD,z17_5,E5,35
122,ABCD,z17_5,F5,35
122,ABCD,z17_5,G5,35
122,ABCD,z17_5,H5,35
122,ABCD,z17_5,H6,35
122,ABCD,z18_1,A7,35
122,ABCD,z18_1,B7,35
122,ABCD,z18_1,C7,35
122,ABCD,z18_1,D7,35
122,ABCD,z18_1,E7,35
122,ABCD,z18_2,F7,35
122,ABCD,z18_3,G7,35
122,ABCD,z18_4,H7,25
122,ABCD,z18_4,H8,33
122,ABCD,z18_5,G8,35
122,ABCD,z18_5,F8,35
122,ABCD,z18_5,E8,35
122,ABCD,z18_5,D8,35
122,ABCD,z18_5,C8,35
122,ABCD,z18_5,B8,35
122,EFGH,Z10_1,B6,35
122,EFGH,Z10_1,A6,35
122,EFGH,Z10_1,A7,35
122,EFGH,Z10_1,B7,35
122,EFGH,Z10_1,C7,35
122,EFGH,Z10_2,D7,35
122,EFGH,Z10_3,E7,35
122,EFGH,Z10_4,F7,35
122,EFGH,Z10_5,G7,35
122,EFGH,Z10_5,H7,16
122,EFGH,Z10_5,H8,35
122,EFGH,Z10_5,G8,35
122,EFGH,Z10_5,F8,35
122,EFGH,Z10_5,E8,35
122,EFGH,Z10_5,D8,35
122,EFGH,Z10_5,C8,35
122,EFGH,Z11_1,G9,35
122,EFGH,Z11_1,H9,35
122,EFGH,Z11_1,H10,35
122,EFGH,Z11_1,G10,35
122,EFGH,Z11_1,F10,35
122,EFGH,Z11_2,E10,35
122,EFGH,Z11_3,D10,35
122,EFGH,Z11_3,C10,35
122,EFGH,Z11_4,B10,35
122,EFGH,Z11_5,A10,35
122,EFGH,Z11_5,A11,35
122,EFGH,Z11_5,B11,35
122,EFGH,Z11_5,C11,35
122,EFGH,Z11_5,D11,35
122,EFGH,Z11_5,E11,35
122,IJKL,Z12_1,F1,35
122,IJKL,Z12_1,G1,35
122,IJKL,Z12_1,H1,35
122,IJKL,Z12_1,H2,30
122,IJKL,Z12_1,G2,25
122,IJKL,Z12_2,F2,29
122,IJKL,Z12_3,E2,35
122,IJKL,Z12_4,D2,35
122,IJKL,Z12_5,C2,35
122,IJKL,Z12_5,B2,31
122,IJKL,Z12_5,A2,35
122,IJKL,Z12_5,A3,35
122,IJKL,Z12_5,B3,35
122,IJKL,Z12_5,C3,35
125,ABCD,z14_1,A7,35
125,ABCD,z14_1,B7,35
125,ABCD,z14_1,C7,35
125,ABCD,z14_1,D7,35
125,ABCD,z14_1,E7,35
125,ABCD,z14_2,F7,35
125,ABCD,z14_3,G7,35
125,ABCD,z14_4,H7,35
125,ABCD,z14_4,H8,35
125,ABCD,z14_5,G8,35
125,ABCD,z14_5,F8,35
125,ABCD,z14_5,E8,35
125,ABCD,z14_5,D8,35
125,ABCD,z14_5,C8,35
125,ABCD,z14_5,B8,35
125,ABCD,z15_1,C1,35
125,ABCD,z15_1,D1,35
125,ABCD,z15_1,E1,35
125,ABCD,z15_1,F1,35
125,ABCD,z15_1,G1,35
125,ABCD,z15_2,H1,35
125,ABCD,z15_2,H2,35
125,ABCD,z15_3,G2,35
125,ABCD,z15_4,F2,35
125,ABCD,z15_5,E2,35
125,ABCD,z15_5,D2,35
125,ABCD,z15_5,C2,35
125,ABCD,z15_5,B2,35
125,ABCD,z15_5,A2,35
125,ABCD,z15_5,A3,35
125,ABCD,z15_5,B3,35
125,EFGH,z13_1,G4,35
125,EFGH,z13_1,F4,35
125,EFGH,z13_1,E4,35
125,EFGH,z13_1,D4,35
125,EFGH,z13_1,C4,35
125,EFGH,z13_2,B4,35
125,EFGH,z13_2,A4,35
125,EFGH,z13_3,A5,35
125,EFGH,z13_4,B5,35
125,EFGH,z13_5,C5,35
125,EFGH,z13_5,D5,35
125,EFGH,z13_5,E5,35
125,EFGH,z13_5,F5,35
125,EFGH,z13_5,G5,35
125,EFGH,z13_5,H5,35
125,EFGH,z13_5,H6,35
125,EFGH,Z7_1,A6,35
125,EFGH,Z7_1,A7,35
125,EFGH,Z7_1,B7,35
125,EFGH,Z7_1,C7,35
125,EFGH,Z7_1,D7,35
125,EFGH,Z7_2,E7,35
125,EFGH,Z7_2,F7,35
125,EFGH,Z7_3,G7,35
125,EFGH,Z7_4,H7,35
125,EFGH,Z7_5,H8,35
125,EFGH,Z7_5,G8,35
125,EFGH,Z7_5,F8,35
125,EFGH,Z7_5,E8,35
125,EFGH,Z7_5,D8,35
125,EFGH,Z7_5,C8,35
125,EFGH,Z7_5,B8,35
126,IJKL,Z9_1,G4,35
126,IJKL,Z9_1,F4,35
126,IJKL,Z9_1,E4,35
126,IJKL,Z9_1,D4,35
126,IJKL,Z9_1,C4,35
126,IJKL,Z9_2,B4,35
126,IJKL,Z9_3,A4,35
126,IJKL,Z9_4,A5,35
126,IJKL,Z9_5,B5,35
126,IJKL,Z9_5,C5,35
126,IJKL,Z9_5,D5,35
126,IJKL,Z9_5,E5,35
126,IJKL,Z9_5,F5,35
126,IJKL,Z9_5,G5,35
126,IJKL,Z9_5,H5,35
126,IJKL,Z9_5,H6,35
129,ABCD,J2_1,E1,35
129,ABCD,J2_1,F1,35
129,ABCD,J2_1,G1,35
129,ABCD,J2_1,H1,35
129,ABCD,J2_1,H2,35
129,ABCD,J2_2,G2,35
129,ABCD,J2_3,F2,35
129,ABCD,J2_4,E2,35
129,ABCD,J2_4,D2,35
129,ABCD,J2_5,C2,35
129,ABCD,J2_5,B2,35
129,ABCD,J2_5,A2,35
129,ABCD,J2_5,A3,35
129,ABCD,J2_5,B3,35
129,ABCD,J2_5,C3,35
129,ABCD,J2_5,D3,35
129,ABCD,J5_1,A7,35
129,ABCD,J5_1,B7,35
129,ABCD,J5_1,C7,35
129,ABCD,J5_1,D7,35
129,ABCD,J5_1,E7,35
129,ABCD,J5_2,F7,35
129,ABCD,J5_3,G7,35
129,ABCD,J5_4,H7,35
129,ABCD,J5_5,H8,31
129,ABCD,J5_5,G8,32
129,ABCD,J5_5,F8,35
129,ABCD,J5_5,E8,35
129,ABCD,J5_5,D8,35
129,ABCD,J5_5,C8,35
129,ABCD,J5_5,B8,35
129,ABCD,J6_1,F9,35
129,ABCD,J6_1,G9,35
129,ABCD,J6_1,H9,35
129,ABCD,J6_1,H10,35
129,ABCD,J6_1,G10,35
129,ABCD,J6_2,F10,35
129,ABCD,J6_3,E10,35
129,ABCD,J6_3,D10,35
129,ABCD,J6_4,C10,35
129,ABCD,J6_5,B10,30
129,ABCD,J6_5,A10,30
129,ABCD,J6_5,A11,30
129,ABCD,J6_5,B11,30
129,ABCD,J6_5,C11,30
129,ABCD,J6_5,D11,30
129,ABCD,J6_5,E11,30
129,ABCD,J3_1,G4,35
129,ABCD,J3_1,F4,35
129,ABCD,J3_1,E4,35
129,ABCD,J3_1,D4,35
129,ABCD,J3_1,C4,35
129,ABCD,J3_2,B4,35
129,ABCD,J3_2,A4,35
129,ABCD,J3_3,A5,35
129,ABCD,J3_4,B5,35
129,ABCD,J3_5,C5,35
129,ABCD,J3_5,D5,35
129,ABCD,J3_5,E5,35
129,ABCD,J3_5,F5,35
129,ABCD,J3_5,G5,35
129,ABCD,J3_5,H5,35
129,ABCD,J3_5,H6,35
129,EFGH,L6_1,F9,35
129,EFGH,L6_1,G9,35
129,EFGH,L6_1,H9,35
129,EFGH,L6_1,H10,35
129,EFGH,L6_1,G10,35
129,EFGH,L6_2,F10,35
129,EFGH,L6_3,E10,35
129,EFGH,L6_3,D10,35
129,EFGH,L6_4,C10,35
129,EFGH,L6_5,B10,35
129,EFGH,L6_5,A10,35
129,EFGH,L6_5,A11,35
129,EFGH,L6_5,B11,35
129,EFGH,L6_5,C11,35
129,EFGH,L6_5,D11,35
129,EFGH,L6_5,E11,35
129,EFGH,K3_1,D1,35
129,EFGH,K3_1,E1,35
129,EFGH,K3_1,F1,35
129,EFGH,K3_1,G1,35
129,EFGH,K3_1,H1,35
129,EFGH,K3_2,H2,35
129,EFGH,K3_3,G2,35
129,EFGH,K3_3,F2,35
129,EFGH,K3_4,E2,35
129,EFGH,K3_5,D2,35
129,EFGH,K3_5,C2,35
129,EFGH,K3_5,B2,35
129,EFGH,K3_5,A2,35
129,EFGH,K3_5,A3,35
129,EFGH,K3_5,B3,35
129,EFGH,K3_5,C3,35
129,EFGH,L3_1,A6,35
129,EFGH,L3_1,A7,35
129,EFGH,L3_1,B7,35
129,EFGH,L3_1,C7,35
129,EFGH,L3_1,D7,35
129,EFGH,L3_1,E7,35
129,EFGH,L3_2,F7,35
129,EFGH,L3_3,G7,34.5
129,EFGH,L3_4,H7,35
129,EFGH,L3_5,H8,35
129,EFGH,L3_5,G8,35
129,EFGH,L3_5,F8,35
129,EFGH,L3_5,E8,35
129,EFGH,L3_5,D8,35
129,EFGH,L3_5,C8,35
129,EFGH,L3_5,B8,35
129,EFGH,K4_1,G4,35
129,EFGH,K4_1,F4,35
129,EFGH,K4_1,E4,35
129,EFGH,K4_1,D4,35
129,EFGH,K4_1,C4,35
129,EFGH,K4_2,B4,35
129,EFGH,K4_2,A4,35
129,EFGH,K4_3,A5,35
129,EFGH,K4_4,B5,35
129,EFGH,K4_5,C5,35
129,EFGH,K4_5,D5,35
129,EFGH,K4_5,E5,35
129,EFGH,K4_5,F5,35
129,EFGH,K4_5,G5,35
129,EFGH,K4_5,H5,35
129,EFGH,K4_5,H6,35
129,IJKL,N4_1,G9,35
129,IJKL,N4_1,H9,35
129,IJKL,N4_1,H10,35
129,IJKL,N4_1,G10,35
129,IJKL,N4_1,F10,35
129,IJKL,N4_2,E10,35
129,IJKL,N4_3,D10,35
129,IJKL,N4_4,C10,35
129,IJKL,N4_5,B10,35
129,IJKL,N4_5,A10,35
129,IJKL,N4_5,A11,35
129,IJKL,N4_5,B11,35
129,IJKL,N4_5,C11,35
129,IJKL,N4_5,D11,35
129,IJKL,N4_5,E11,35
129,IJKL,N3_1,A7,35
129,IJKL,N3_1,B7,35
129,IJKL,N3_1,C7,35
129,IJKL,N3_1,D7,35
129,IJKL,N3_2,E7,35
129,IJKL,N3_2,F7,35
129,IJKL,N3_3,G7,35
129,IJKL,N3_4,H7,35
129,IJKL,N3_5,H8,35
129,IJKL,N3_5,G8,35
129,IJKL,N3_5,F8,35
129,IJKL,N3_5,E8,35
129,IJKL,N3_5,D8,35
129,IJKL,N3_5,C8,35
129,IJKL,N3_5,B8,35
129,IJKL,M2_1,D1,35
129,IJKL,M2_1,E1,35
129,IJKL,M2_1,F1,35
129,IJKL,M2_1,G1,35
129,IJKL,M2_1,H1,35
129,IJKL,M2_2,H2,35
129,IJKL,M2_3,G2,35
129,IJKL,M2_3,F2,35
129,IJKL,M2_4,E2,35
129,IJKL,M2_5,D2,35
129,IJKL,M2_5,C2,35
129,IJKL,M2_5,B2,35
129,IJKL,M2_5,A2,35
129,IJKL,M2_5,A3,35
129,IJKL,M2_5,B3,35
129,IJKL,M2_5,C3,35
129,MNOP,O1_1,A7,35
129,MNOP,O1_1,B7,35
129,MNOP,O1_1,C7,35
129,MNOP,O1_1,D7,35
129,MNOP,O1_1,E7,35
129,MNOP,O1_2,F7,35
129,MNOP,O1_3,G7,35
129,MNOP,O1_4,H7,35
129,MNOP,O1_5,H8,35
129,MNOP,O1_5,G8,35
129,MNOP,O1_5,F8,35
129,MNOP,O1_5,E8,35
129,MNOP,O1_5,D8,35
129,MNOP,O1_5,C8,35
129,MNOP,O1_5,B8,35
129,MNOP,O3_1,G9,35
129,MNOP,O3_1,H9,35
129,MNOP,O3_1,H10,35
129,MNOP,O3_1,G10,35
129,MNOP,O3_1,F10,35
129,MNOP,O3_2,E10,35
129,MNOP,O3_3,D10,35
129,MNOP,O3_4,C10,35
129,MNOP,O3_5,B10,31
129,MNOP,O3_5,A10,31
129,MNOP,O3_5,A11,31
129,MNOP,O3_5,B11,31
129,MNOP,O3_5,C11,31
129,MNOP,O3_5,D11,31
129,MNOP,O3_5,E11,31
129,MNOP,N6_1,F4,35
129,MNOP,N6_1,E4,35
129,MNOP,N6_1,D4,35
129,MNOP,N6_1,C4,35
129,MNOP,N6_1,B4,35
129,MNOP,N6_2,A4,35
129,MNOP,N6_3,A5,35
129,MNOP,N6_4,B5,35
129,MNOP,N6_5,C5,35
129,MNOP,N6_5,D5,35
129,MNOP,N6_5,E5,35
129,MNOP,N6_5,F5,35
129,MNOP,N6_5,G5,35
129,MNOP,N6_5,H5,35
129,MNOP,N6_5,H6,35
129,MNOP,N5_1,E1,35
129,MNOP,N5_1,F1,35
129,MNOP,N5_1,G1,35
129,MNOP,N5_1,H1,35
129,MNOP,N5_1,H2,35
129,MNOP,N5_2,G2,35
129,MNOP,N5_3,F2,35
129,MNOP,N5_4,E2,35
129,MNOP,N5_4,D2,35
129,MNOP,N5_5,C2,35
129,MNOP,N5_5,B2,35
129,MNOP,N5_5,A2,35
129,MNOP,N5_5,A3,35
129,MNOP,N5_5,B3,35
129,MNOP,N5_5,C3,35
131,ABCD,J1_1,D1,35
131,ABCD,J1_1,E1,35
131,ABCD,J1_1,F1,35
131,ABCD,J1_1,G1,35
131,ABCD,J1_1,H1,35
131,ABCD,J1_2,H2,35
131,ABCD,J1_2,G2,35
131,ABCD,J1_3,F2,35
131,ABCD,J1_4,E2,35
131,ABCD,J1_5,D2,35
131,ABCD,J1_5,C2,35
131,ABCD,J1_5,B2,35
131,ABCD,J1_5,A2,35
131,ABCD,J1_5,A3,35
131,ABCD,J1_5,B3,35
131,ABCD,J1_5,C3,35
131,ABCD,J1_5,D3,35
131,ABCD,N2_1,G4,35
131,ABCD,N2_1,F4,35
131,ABCD,N2_1,E4,35
131,ABCD,N2_1,D4,35
131,ABCD,N2_1,C4,35
131,ABCD,N2_1,B4,35
131,ABCD,N2_2,A4,35
131,ABCD,N2_3,A5,35
131,ABCD,N2_4,B5,35
131,ABCD,N2_5,C5,35
131,ABCD,N2_5,D5,35
131,ABCD,N2_5,E5,35
131,ABCD,N2_5,F5,35
131,ABCD,N2_5,G5,35
131,ABCD,N2_5,H5,35
131,ABCD,N2_5,H6,22
131,EFGH,P4_1,A6,35
131,EFGH,P4_1,A7,35
131,EFGH,P4_1,B7,35
131,EFGH,P4_1,C7,35
131,EFGH,P4_1,D7,35
131,EFGH,P4_2,E7,35
131,EFGH,P4_3,F7,35
131,EFGH,P4_4,G7,35
131,EFGH,P4_4,H7,35
131,EFGH,P4_5,H8,35
131,EFGH,P4_5,G8,35
131,EFGH,P4_5,F8,35
131,EFGH,P4_5,E8,35
131,EFGH,P4_5,D8,35
131,EFGH,P4_5,C8,35
131,EFGH,P4_5,B8,35
132,ABCD,X2_1,E1,35
132,ABCD,X2_1,F1,35
132,ABCD,X2_1,G1,35
132,ABCD,X2_1,H1,35
132,ABCD,X2_1,H2,35
132,ABCD,X2_2,G2,35
132,ABCD,X2_3,F2,35
132,ABCD,X2_4,E2,35
132,ABCD,X2_4,D2,35
132,ABCD,X2_5,C2,35
132,ABCD,X2_5,B2,35
132,ABCD,X2_5,A2,35
132,ABCD,X2_5,A3,35
132,ABCD,X2_5,B3,35
132,ABCD,X2_5,C3,35
132,ABCD,W2_1,F9,35
132,ABCD,W2_1,G9,35
132,ABCD,W2_1,H9,35
132,ABCD,W2_1,H10,35
132,ABCD,W2_1,G10,35
132,ABCD,W2_1,F10,35
132,ABCD,W2_2,E10,35
132,ABCD,W2_3,D10,35
132,ABCD,W2_4,C10,35
132,ABCD,W2_5,B10,35
132,ABCD,W2_5,A10,35
132,ABCD,W2_5,A11,35
132,ABCD,W2_5,B11,35
132,ABCD,W2_5,C11,35
132,ABCD,W2_5,D11,35
132,ABCD,W2_5,E11,35
132,ABCD,X5_1,A7,35
132,ABCD,X5_1,B7,35
132,ABCD,X5_1,C7,35
132,ABCD,X5_1,D7,35
132,ABCD,X5_1,E7,35
132,ABCD,X5_2,F7,35
132,ABCD,X5_3,G7,35
132,ABCD,X5_4,H7,35
132,ABCD,X5_4,H8,35
132,ABCD,X5_5,G8,35
132,ABCD,X5_5,F8,35
132,ABCD,X5_5,E8,35
132,ABCD,X5_5,D8,35
132,ABCD,X5_5,C8,35
132,ABCD,X5_5,B8,35
132,ABCD,S1_1,F4,35
132,ABCD,S1_1,E4,35
132,ABCD,S1_1,D4,35
132,ABCD,S1_1,C4,35
132,ABCD,S1_1,B4,35
132,ABCD,S1_2,A4,35
132,ABCD,S1_3,A5,35
132,ABCD,S1_4,B5,35
132,ABCD,S1_4,C5,35
132,ABCD,S1_5,D5,35
132,ABCD,S1_5,E5,35
132,ABCD,S1_5,F5,35
132,ABCD,S1_5,G5,35
132,ABCD,S1_5,H5,35
132,ABCD,S1_5,H6,35
132,EFGH,Z3_1,F9,35
132,EFGH,Z3_1,G9,35
132,EFGH,Z3_1,H9,35
132,EFGH,Z3_1,H10,35
132,EFGH,Z3_1,G10,35
132,EFGH,Z3_1,F10,35
132,EFGH,Z3_2,E10,35
132,EFGH,Z3_3,D10,35
132,EFGH,Z3_4,C10,35
132,EFGH,Z3_5,B10,35
132,EFGH,Z3_5,A10,35
132,EFGH,Z3_5,A11,35
132,EFGH,Z3_5,B11,35
132,EFGH,Z3_5,C11,35
132,EFGH,Z3_5,D11,35
132,EFGH,Z3_5,E11,35
132,EFGH,U4_1,A7,35
132,EFGH,U4_1,B7,35
132,EFGH,U4_1,C7,35
132,EFGH,U4_1,D7,35
132,EFGH,U4_1,E7,35
132,EFGH,U4_2,F7,35
132,EFGH,U4_3,G7,35
132,EFGH,U4_4,H7,35
132,EFGH,U4_4,H8,35
132,EFGH,U4_5,G8,35
132,EFGH,U4_5,F8,35
132,EFGH,U4_5,E8,35
132,EFGH,U4_5,D8,35
132,EFGH,U4_5,C8,35
132,EFGH,U4_5,B8,35
132,EFGH,Y6_1,F4,35
132,EFGH,Y6_1,E4,35
132,EFGH,Y6_1,D4,35
132,EFGH,Y6_1,C4,35
132,EFGH,Y6_1,B4,35
132,EFGH,Y6_2,A4,35
132,EFGH,Y6_3,A5,35
132,EFGH,Y6_4,B5,35
132,EFGH,Y6_4,C5,35
132,EFGH,Y6_5,D5,35
132,EFGH,Y6_5,E5,35
132,EFGH,Y6_5,F5,35
132,EFGH,Y6_5,G5,35
132,EFGH,Y6_5,H5,35
132,EFGH,Y6_5,H6,35
132,IJKL,W6_1,A6,35
132,IJKL,W6_1,A7,35
132,IJKL,W6_1,B7,35
132,IJKL,W6_1,C7,35
132,IJKL,W6_1,D7,35
132,IJKL,W6_1,E7,35
132,IJKL,W6_2,F7,35
132,IJKL,W6_3,G7,35
132,IJKL,W6_4,H7,35
132,IJKL,W6_4,H8,35
132,IJKL,W6_5,G8,35
132,IJKL,W6_5,F8,35
132,IJKL,W6_5,E8,35
132,IJKL,W6_5,D8,35
132,IJKL,W6_5,C8,32
132,IJKL,W6_5,B8,35
132,IJKL,U3_1,F4,35
132,IJKL,U3_1,E4,35
132,IJKL,U3_1,D4,35
132,IJKL,U3_1,C4,35
132,IJKL,U3_1,B4,35
132,IJKL,U3_2,A4,35
132,IJKL,U3_3,A5,35
132,IJKL,U3_4,B5,35
132,IJKL,U3_4,C5,35
132,IJKL,U3_5,D5,35
132,IJKL,U3_5,E5,35
132,IJKL,U3_5,F5,35
132,IJKL,U3_5,G5,35
132,IJKL,U3_5,H5,35
132,IJKL,U3_5,H6,35
132,IJKL,T1_1,E1,35
132,IJKL,T1_1,F1,35
132,IJKL,T1_1,G1,35
132,IJKL,T1_1,H1,35
132,IJKL,T1_1,H2,35
132,IJKL,T1_2,G2,35
132,IJKL,T1_3,F2,35
132,IJKL,T1_4,E2,35
132,IJKL,T1_5,D2,35
132,IJKL,T1_5,C2,35
132,IJKL,T1_5,B2,35
132,IJKL,T1_5,A2,35
132,IJKL,T1_5,A3,35
132,IJKL,T1_5,B3,35
132,IJKL,T1_5,C3,35
132,IJKL,T4_1,F9,35
132,IJKL,T4_1,G9,35
132,IJKL,T4_1,H9,35
132,IJKL,T4_1,H10,35
132,IJKL,T4_1,G10,35
132,IJKL,T4_1,F10,35
132,IJKL,T4_2,E10,35
132,IJKL,T4_3,D10,35
132,IJKL,T4_4,C10,35
132,IJKL,T4_5,B10,35
132,IJKL,T4_5,A10,35
132,IJKL,T4_5,A11,35
132,IJKL,T4_5,B11,35
132,IJKL,T4_5,C11,35
132,IJKL,T4_5,D11,35
132,IJKL,T4_5,E11,35
132,MNOP,U6_1,F4,35
132,MNOP,U6_1,E4,35
132,MNOP,U6_1,D4,35
132,MNOP,U6_1,C4,35
132,MNOP,U6_1,B4,35
132,MNOP,U6_2,A4,35
132,MNOP,U6_3,A5,35
132,MNOP,U6_4,B5,35
132,MNOP,U6_5,C5,35
132,MNOP,U6_5,D5,35
132,MNOP,U6_5,E5,35
132,MNOP,U6_5,F5,35
132,MNOP,U6_5,G5,35
132,MNOP,U6_5,H5,35
132,MNOP,U6_5,H6,35
132,MNOP,V6_1,G9,35
132,MNOP,V6_1,H9,35
132,MNOP,V6_1,H10,35
132,MNOP,V6_1,G10,35
132,MNOP,V6_1,F10,35
132,MNOP,V6_2,E10,35
132,MNOP,V6_3,D10,35
132,MNOP,V6_4,C10,35
132,MNOP,V6_5,B10,35
132,MNOP,V6_5,A10,35
132,MNOP,V6_5,A11,35
132,MNOP,V6_5,B11,35
132,MNOP,V6_5,C11,35
132,MNOP,V6_5,D11,35
132,MNOP,V6_5,E11,35
132,MNOP,X4_1,A6,35
132,MNOP,X4_1,A7,35
132,MNOP,X4_1,B7,35
132,MNOP,X4_1,C7,35
132,MNOP,X4_1,D7,35
132,MNOP,X4_1,E7,35
132,MNOP,X4_2,F7,35
132,MNOP,X4_3,G7,35
132,MNOP,X4_4,H7,35
132,MNOP,X4_5,H8,35
132,MNOP,X4_5,G8,35
132,MNOP,X4_5,F8,35
132,MNOP,X4_5,E8,35
132,MNOP,X4_5,D8,35
132,MNOP,X4_5,C8,35
132,MNOP,X4_5,B8,35
133,ABCD,Q2_1,E1,35
133,ABCD,Q2_1,F1,35
133,ABCD,Q2_1,G1,35
133,ABCD,Q2_1,H1,35
133,ABCD,Q2_1,H2,35
133,ABCD,Q2_2,G2,35
133,ABCD,Q2_3,F2,35
133,ABCD,Q2_4,E2,35
133,ABCD,Q2_5,D2,35
133,ABCD,Q2_5,C2,35
133,ABCD,Q2_5,B2,35
133,ABCD,Q2_5,A2,35
133,ABCD,Q2_5,A3,35
133,ABCD,Q2_5,B3,35
133,ABCD,Q2_5,C3,35
133,ABCD,Q4_1,A6,35
133,ABCD,Q4_1,A7,35
133,ABCD,Q4_1,B7,35
133,ABCD,Q4_1,C7,35
133,ABCD,Q4_1,D7,35
133,ABCD,Q4_2,E7,35
133,ABCD,Q4_3,F7,35
133,ABCD,Q4_3,G7,35
133,ABCD,Q4_4,H7,35
133,ABCD,Q4_5,H8,35
133,ABCD,Q4_5,G8,35
133,ABCD,Q4_5,F8,35
133,ABCD,Q4_5,E8,35
133,ABCD,Q4_5,D8,35
133,ABCD,Q4_5,C8,35
133,ABCD,Q4_5,B8,35
133,ABCD,R6_1,G4,35
133,ABCD,R6_1,F4,35
133,ABCD,R6_1,E4,35
133,ABCD,R6_1,D4,35
133,ABCD,R6_1,C4,35
133,ABCD,R6_2,B4,35
133,ABCD,R6_3,A4,35
133,ABCD,R6_3,A5,35
133,ABCD,R6_4,B5,35
133,ABCD,R6_5,C5,35
133,ABCD,R6_5,D5,35
133,ABCD,R6_5,E5,35
133,ABCD,R6_5,F5,35
133,ABCD,R6_5,G5,35
133,ABCD,R6_5,H5,35
133,ABCD,R6_5,H6,35
133,ABCD,S4_1,F9,35
133,ABCD,S4_1,G9,35
133,ABCD,S4_1,H9,35
133,ABCD,S4_1,H10,35
133,ABCD,S4_1,G10,35
133,ABCD,S4_1,F10,35
133,ABCD,S4_2,E10,35
133,ABCD,S4_3,D10,35
133,ABCD,S4_4,C10,35
133,ABCD,S4_5,B10,32.5
133,ABCD,S4_5,A10,32.5
133,ABCD,S4_5,A11,32.5
133,ABCD,S4_5,B11,32.5
133,ABCD,S4_5,C11,32.5
133,ABCD,S4_5,D11,32.5
133,ABCD,S4_5,E11,32.5
133,EFGH,R4_1,F9,35
133,EFGH,R4_1,G9,35
133,EFGH,R4_1,H9,35
133,EFGH,R4_1,H10,35
133,EFGH,R4_1,G10,35
133,EFGH,R4_2,F10,35
133,EFGH,R4_3,E10,35
133,EFGH,R4_4,D10,35
133,EFGH,R4_4,C10,35
133,EFGH,R4_5,B10,26
133,EFGH,R4_5,A10,26
133,EFGH,R4_5,A11,26
133,EFGH,R4_5,B11,26
133,EFGH,R4_5,C11,26
133,EFGH,R4_5,D11,26
133,EFGH,R4_5,E11,26
133,EFGH,R3_1,A7,35
133,EFGH,R3_1,B7,35
133,EFGH,R3_1,C7,35
133,EFGH,R3_1,D7,35
133,EFGH,R3_1,E7,35
133,EFGH,R3_2,F7,35
133,EFGH,R3_3,G7,35
133,EFGH,R3_4,H7,35
133,EFGH,R3_4,H8,35
133,EFGH,R3_5,G8,35
133,EFGH,R3_5,F8,35
133,EFGH,R3_5,E8,35
133,EFGH,R3_5,D8,35
133,EFGH,R3_5,C8,35
133,EFGH,R3_5,B8,35
133,EFGH,R1_1,F4,35
133,EFGH,R1_1,E4,35
133,EFGH,R1_1,D4,35
133,EFGH,R1_1,C4,35
133,EFGH,R1_1,B4,35
133,EFGH,R1_2,A4,35
133,EFGH,R1_3,A5,35
133,EFGH,R1_4,B5,35
133,EFGH,R1_5,C5,35
133,EFGH,R1_5,D5,35
133,EFGH,R1_5,E5,35
133,EFGH,R1_5,F5,35
133,EFGH,R1_5,G5,35
133,EFGH,R1_5,H5,35
133,EFGH,R1_5,H6,35
133,IJKL,V5_1,A6,35
133,IJKL,V5_1,A7,35
133,IJKL,V5_1,B7,35
133,IJKL,V5_1,C7,35
133,IJKL,V5_1,D7,35
133,IJKL,V5_1,E7,35
133,IJKL,V5_2,F7,35
133,IJKL,V5_3,G7,35
133,IJKL,V5_4,H7,35
133,IJKL,V5_5,H8,35
133,IJKL,V5_5,G8,35
133,IJKL,V5_5,F8,35
133,IJKL,V5_5,E8,35
133,IJKL,V5_5,D8,35
133,IJKL,V5_5,C8,35
133,IJKL,V5_5,B8,35
133,IJKL,V3_1,D1,35
133,IJKL,V3_1,E1,35
133,IJKL,V3_1,F1,35
133,IJKL,V3_1,G1,35
133,IJKL,V3_1,H1,35
133,IJKL,V3_2,H2,35
133,IJKL,V3_3,G2,35
133,IJKL,V3_4,F2,35
133,IJKL,V3_4,E2,35
133,IJKL,V3_5,D2,35
133,IJKL,V3_5,C2,35
133,IJKL,V3_5,B2,35
133,IJKL,V3_5,A2,35
133,IJKL,V3_5,A3,35
133,IJKL,V3_5,B3,35
133,IJKL,V3_5,C3,35
133,IJKL,V4_1,G4,35
133,IJKL,V4_1,F4,35
133,IJKL,V4_1,E4,35
133,IJKL,V4_1,D4,35
133,IJKL,V4_1,C4,35
133,IJKL,V4_2,B4,35
133,IJKL,V4_3,A4,35
133,IJKL,V4_4,A5,35
133,IJKL,V4_4,B5,35
133,IJKL,V4_5,C5,35
133,IJKL,V4_5,D5,35
133,IJKL,V4_5,E5,35
133,IJKL,V4_5,F5,35
133,IJKL,V4_5,G5,35
133,IJKL,V4_5,H5,35
133,IJKL,V4_5,H6,35
133,IJKL,Y1_1,F9,35
133,IJKL,Y1_1,G9,35
133,IJKL,Y1_1,H9,35
133,IJKL,Y1_1,H10,35
133,IJKL,Y1_1,G10,35
133,IJKL,Y1_2,F10,35
133,IJKL,Y1_3,E10,35
133,IJKL,Y1_4,D10,35
133,IJKL,Y1_4,C10,35
133,IJKL,Y1_5,B10,35
133,IJKL,Y1_5,A10,35
133,IJKL,Y1_5,A11,35
133,IJKL,Y1_5,B11,35
133,IJKL,Y1_5,C11,35
133,IJKL,Y1_5,D11,35
133,IJKL,Y1_5,E11,35
134,ABCD,Y4_1,F4,35
134,ABCD,Y4_1,E4,35
134,ABCD,Y4_1,D4,35
134,ABCD,Y4_1,C4,35
134,ABCD,Y4_1,B4,35
134,ABCD,Y4_2,A4,35
134,ABCD,Y4_2,A5,35
134,ABCD,Y4_3,B5,35
134,ABCD,Y4_4,C5,35
134,ABCD,Y4_5,D5,35
134,ABCD,Y4_5,E5,35
134,ABCD,Y4_5,F5,35
134,ABCD,Y4_5,G5,35
134,ABCD,Y4_5,H5,35
134,ABCD,Y4_5,H6,35
134,ABCD,Y4_5,G6,35
134,ABCD,a1_1,F9,35
134,ABCD,a1_1,G9,35
134,ABCD,a1_1,H9,35
134,ABCD,a1_1,H10,35
134,ABCD,a1_1,G10,35
134,ABCD,a1_1,F10,35
134,ABCD,a1_2,E10,35
134,ABCD,a1_3,D10,35
134,ABCD,a1_4,C10,35
134,ABCD,a1_5,B10,35
134,ABCD,a1_5,A10,35
134,ABCD,a1_5,A11,35
134,ABCD,a1_5,B11,35
134,ABCD,a1_5,C11,35
134,ABCD,a1_5,D11,35
134,ABCD,a1_5,E11,35
134,ABCD,Y5_1,A7,35
134,ABCD,Y5_1,B7,35
134,ABCD,Y5_1,C7,35
134,ABCD,Y5_1,D7,35
134,ABCD,Y5_1,E7,35
134,ABCD,Y5_2,F7,35
134,ABCD,Y5_3,G7,35
134,ABCD,Y5_4,H7,35
134,ABCD,Y5_4,H8,35
134,ABCD,Y5_5,G8,35
134,ABCD,Y5_5,F8,35
134,ABCD,Y5_5,E8,35
134,ABCD,Y5_5,D8,35
134,ABCD,Y5_5,C8,35
134,ABCD,Y5_5,B8,35
134,ABCD,Y5_5,A8,35
134,EFGH,a6_1,E9,35
134,EFGH,a6_1,F9,35
134,EFGH,a6_1,G9,35
134,EFGH,a6_1,H9,35
134,EFGH,a6_1,H10,35
134,EFGH,a6_1,G10,35
134,EFGH,a6_2,F10,35
134,EFGH,a6_3,E10,35
134,EFGH,a6_4,D10,35
134,EFGH,a6_5,C10,35
134,EFGH,a6_5,B10,35
134,EFGH,a6_5,A10,35
134,EFGH,a6_5,A11,35
134,EFGH,a6_5,B11,35
134,EFGH,a6_5,C11,35
134,EFGH,a6_5,D11,35
134,EFGH,a6_5,E11,35
134,EFGH,a2_1,D1,35
134,EFGH,a2_1,E1,35
134,EFGH,a2_1,F1,35
134,EFGH,a2_1,G1,35
134,EFGH,a2_1,H1,35
134,EFGH,a2_2,H2,35
134,EFGH,a2_3,G2,35
134,EFGH,a2_4,F2,35
134,EFGH,a2_4,E2,33
134,EFGH,a2_5,D2,35
134,EFGH,a2_5,C2,35
134,EFGH,a2_5,B2,35
134,EFGH,a2_5,A2,35
134,EFGH,a2_5,A3,28
134,EFGH,a2_5,B3,35
134,EFGH,a2_5,C3,35
134,EFGH,a5_1,B6,35
134,EFGH,a5_1,A6,35
134,EFGH,a5_1,A7,35
134,EFGH,a5_1,B7,35
134,EFGH,a5_1,C7,35
134,EFGH,a5_1,D7,35
134,EFGH,a5_2,E7,35
134,EFGH,a5_3,F7,35
134,EFGH,a5_4,G7,35
134,EFGH,a5_4,H7,35
134,EFGH,a5_5,H8,35
134,EFGH,a5_5,G8,35
134,EFGH,a5_5,F8,35
134,EFGH,a5_5,E8,35
134,EFGH,a5_5,D8,35
134,EFGH,a5_5,C8,35
134,EFGH,a5_5,B8,35
134,EFGH,a4_1,H4,35
134,EFGH,a4_1,G4,35
134,EFGH,a4_1,F4,35
134,EFGH,a4_1,E4,35
134,EFGH,a4_1,D4,35
134,EFGH,a4_1,C4,35
134,EFGH,a4_2,B4,35
134,EFGH,a4_3,A4,35
134,EFGH,a4_4,A5,35
134,EFGH,a4_4,B5,35
134,EFGH,a4_5,C5,35
134,EFGH,a4_5,D5,35
134,EFGH,a4_5,E5,35
134,EFGH,a4_5,F5,35
134,EFGH,a4_5,G5,35
134,EFGH,a4_5,H5,35
134,EFGH,a4_5,H6,35
134,IJKL,a7_1,D1,35
134,IJKL,a7_1,E1,35
134,IJKL,a7_1,F1,35
134,IJKL,a7_1,G1,35
134,IJKL,a7_1,H1,35
134,IJKL,a7_2,H2,35
134,IJKL,a7_3,G2,35
134,IJKL,a7_4,F2,35
134,IJKL,a7_4,E2,35
134,IJKL,a7_5,D2,35
134,IJKL,a7_5,C2,35
134,IJKL,a7_5,B2,35
134,IJKL,a7_5,A2,35
134,IJKL,a7_5,A3,35
134,IJKL,a7_5,B3,35
134,IJKL,a7_5,C3,35
134,IJKL,a10_1,F9,35
134,IJKL,a10_1,G9,35
134,IJKL,a10_1,H9,35
134,IJKL,a10_1,H10,35
134,IJKL,a10_1,G10,35
134,IJKL,a10_2,F10,35
134,IJKL,a10_3,E10,35
134,IJKL,a10_4,D10,35
134,IJKL,a10_4,C10,35
134,IJKL,a10_5,B10,35
134,IJKL,a10_5,A10,35
134,IJKL,a10_5,A11,35
134,IJKL,a10_5,B11,35
134,IJKL,a10_5,C11,35
134,IJKL,a10_5,D11,35
134,IJKL,a10_5,E11,35
134,IJKL,a8_1,G4,35
134,IJKL,a8_1,F4,35
134,IJKL,a8_1,E4,35
134,IJKL,a8_1,D4,35
134,IJKL,a8_1,C4,35
134,IJKL,a8_2,B4,35
134,IJKL,a8_3,A4,35
134,IJKL,a8_4,A5,35
134,IJKL,a8_4,B5,35
134,IJKL,a8_5,C5,35
134,IJKL,a8_5,D5,35
134,IJKL,a8_5,E5,35
134,IJKL,a8_5,F5,35
134,IJKL,a8_5,G5,35
134,IJKL,a8_5,H5,35
134,IJKL,a8_5,H6,35
134,IJKL,a9_1,B6,35
134,IJKL,a9_1,A6,35
134,IJKL,a9_1,A7,35
134,IJKL,a9_1,B7,35
134,IJKL,a9_1,C7,35
134,IJKL,a9_1,D7,35
134,IJKL,a9_2,E7,35
134,IJKL,a9_3,F7,35
134,IJKL,a9_4,G7,35
134,IJKL,a9_5,H7,35
134,IJKL,a9_5,H8,35
134,IJKL,a9_5,G8,35
134,IJKL,a9_5,F8,35
134,IJKL,a9_5,E8,35
134,IJKL,a9_5,D8,35
134,IJKL,a9_5,C8,35
134,IJKL,a9_5,B8,35
135,ABCD,a12_1,F4,35
135,ABCD,a12_1,E4,35
135,ABCD,a12_1,D4,35
135,ABCD,a12_1,C4,35
135,ABCD,a12_1,B4,35
135,ABCD,a12_2,A4,35
135,ABCD,a12_3,A5,35
135,ABCD,a12_4,B5,35
135,ABCD,a12_5,C5,35
135,ABCD,a12_5,D5,35
135,ABCD,a12_5,E5,35
135,ABCD,a12_5,F5,35
135,ABCD,a12_5,G5,35
135,ABCD,a12_5,H5,35
135,ABCD,a12_5,H6,35
135,ABCD,a11_1,E1,35
135,ABCD,a11_1,F1,35
135,ABCD,a11_1,G1,33
135,ABCD,a11_1,H1,35
135,ABCD,a11_1,H2,35
135,ABCD,a11_2,G2,35
135,ABCD,a11_3,F2,35
135,ABCD,a11_4,E2,35
135,ABCD,a11_5,D2,35
135,ABCD,a11_5,C2,35
135,ABCD,a11_5,B2,35
135,ABCD,a11_5,A2,35
135,ABCD,a11_5,A3,35
135,ABCD,a11_5,B3,35
135,ABCD,a11_5,C3,35
135,ABCD,b2_1,F9,35
135,ABCD,b2_1,G9,35
135,ABCD,b2_1,H9,35
135,ABCD,b2_1,H10,35
135,ABCD,b2_1,G10,35
135,ABCD,b2_1,F10,35
135,ABCD,b2_2,E10,35
135,ABCD,b2_3,D10,35
135,ABCD,b2_4,C10,35
135,ABCD,b2_5,B10,29.5
135,ABCD,b2_5,A10,29.5
135,ABCD,b2_5,A11,29.5
135,ABCD,b2_5,B11,29.5
135,ABCD,b2_5,C11,29.5
135,ABCD,b2_5,D11,33
135,ABCD,b2_5,E11,29.5
135,ABCD,b1_1,A6,35
135,ABCD,b1_1,A7,31
135,ABCD,b1_1,B7,35
135,ABCD,b1_1,C7,35
135,ABCD,b1_1,D7,35
135,ABCD,b1_1,E7,35
135,ABCD,b1_2,F7,35
135,ABCD,b1_3,G7,35
135,ABCD,b1_4,H7,35
135,ABCD,b1_5,H8,35
135,ABCD,b1_5,G8,35
135,ABCD,b1_5,F8,35
135,ABCD,b1_5,E8,35
135,ABCD,b1_5,D8,35
135,ABCD,b1_5,C8,35
135,ABCD,b1_5,B8,35
135,EFGH,b7_1,F9,35
135,EFGH,b7_1,G9,35
135,EFGH,b7_1,H9,35
135,EFGH,b7_1,H10,35
135,EFGH,b7_1,G10,35
135,EFGH,b7_1,F10,35
135,EFGH,b7_2,E10,35
135,EFGH,b7_3,D10,35
135,EFGH,b7_4,C10,35
135,EFGH,b7_5,B10,35
135,EFGH,b7_5,A10,35
135,EFGH,b7_5,A11,35
135,EFGH,b7_5,B11,35
135,EFGH,b7_5,C11,35
135,EFGH,b7_5,D11,35
135,EFGH,b7_5,E11,35
135,EFGH,b3_1,E1,35
135,EFGH,b3_1,F1,35
135,EFGH,b3_1,G1,35
135,EFGH,b3_1,H1,35
135,EFGH,b3_1,H2,35
135,EFGH,b3_2,G2,35
135,EFGH,b3_3,F2,35
135,EFGH,b3_4,E2,35
135,EFGH,b3_4,D2,35
135,EFGH,b3_5,C2,35
135,EFGH,b3_5,B2,35
135,EFGH,b3_5,A2,34
135,EFGH,b3_5,A3,35
135,EFGH,b3_5,B3,35
135,EFGH,b3_5,C3,35
135,EFGH,b5_1,F4,35
135,EFGH,b5_1,E4,35
135,EFGH,b5_1,D4,35
135,EFGH,b5_1,C4,35
135,EFGH,b5_1,B4,35
135,EFGH,b5_2,A4,35
135,EFGH,b5_3,A5,35
135,EFGH,b5_4,B5,35
135,EFGH,b5_5,C5,35
135,EFGH,b5_5,D5,35
135,EFGH,b5_5,E5,35
135,EFGH,b5_5,F5,35
135,EFGH,b5_5,G5,35
135,EFGH,b5_5,H5,35
135,EFGH,b5_5,H6,35
135,EFGH,b6_1,A7,35
135,EFGH,b6_1,B7,35
135,EFGH,b6_1,C7,35
135,EFGH,b6_1,D7,35
135,EFGH,b6_1,E7,35
135,EFGH,b6_2,F7,35
135,EFGH,b6_3,G7,35
135,EFGH,b6_4,H7,35
135,EFGH,b6_4,H8,35
135,EFGH,b6_5,G8,35
135,EFGH,b6_5,F8,35
135,EFGH,b6_5,E8,35
135,EFGH,b6_5,D8,35
135,EFGH,b6_5,C8,35
135,EFGH,b6_5,B8,35
135,IJKL,b11_1,F9,35
135,IJKL,b11_1,G9,35
135,IJKL,b11_1,H9,35
135,IJKL,b11_1,H10,35
135,IJKL,b11_1,G10,35
135,IJKL,b11_1,F10,35
135,IJKL,b11_2,E10,35
135,IJKL,b11_3,D10,35
135,IJKL,b11_4,C10,35
135,IJKL,b11_5,B10,35
135,IJKL,b11_5,A10,35
135,IJKL,b11_5,A11,35
135,IJKL,b11_5,B11,35
135,IJKL,b11_5,C11,35
135,IJKL,b11_5,D11,35
135,IJKL,b11_5,E11,35
135,IJKL,b9_1,G4,35
135,IJKL,b9_1,F4,35
135,IJKL,b9_1,E4,35
135,IJKL,b9_1,D4,35
135,IJKL,b9_1,C4,35
135,IJKL,b9_2,B4,35
135,IJKL,b9_2,A4,35
135,IJKL,b9_3,A5,35
135,IJKL,b9_4,B5,35
135,IJKL,b9_5,C5,35
135,IJKL,b9_5,D5,29.5
135,IJKL,b9_5,E5,35
135,IJKL,b9_5,F5,35
135,IJKL,b9_5,G5,35
135,IJKL,b9_5,H5,35
135,IJKL,b9_5,H6,35
135,IJKL,b8_1,D1,35
135,IJKL,b8_1,E1,35
135,IJKL,b8_1,F1,35
135,IJKL,b8_1,G1,35
135,IJKL,b8_1,H1,35
135,IJKL,b8_1,H2,35
135,IJKL,b8_2,G2,35
135,IJKL,b8_3,F2,35
135,IJKL,b8_4,E2,35
135,IJKL,b8_5,D2,35
135,IJKL,b8_5,C2,35
135,IJKL,b8_5,B2,35
135,IJKL,b8_5,A2,35
135,IJKL,b8_5,A3,35
135,IJKL,b8_5,B3,35
135,IJKL,b8_5,C3,35
135,IJKL,b8_5,D3,35
135,IJKL,b10_1,A6,35
135,IJKL,b10_1,A7,35
135,IJKL,b10_1,B7,35
135,IJKL,b10_1,C7,35
135,IJKL,b10_1,D7,35
135,IJKL,b10_1,E7,35
135,IJKL,b10_2,F7,35
135,IJKL,b10_3,G7,35
135,IJKL,b10_4,H7,35
135,IJKL,b10_5,H8,35
135,IJKL,b10_5,G8,35
135,IJKL,b10_5,F8,35
135,IJKL,b10_5,E8,35
135,IJKL,b10_5,D8,35
135,IJKL,b10_5,C8,35
135,IJKL,b10_5,B8,35
136,ABCD,c5_1,A7,35
136,ABCD,c5_1,B7,35
136,ABCD,c5_1,C7,35
136,ABCD,c5_1,D7,35
136,ABCD,c5_1,E7,35
136,ABCD,c5_2,F7,35
136,ABCD,c5_3,G7,35
136,ABCD,c5_4,H7,35
136,ABCD,c5_4,H8,29
136,ABCD,c5_5,G8,29
136,ABCD,c5_5,F8,33
136,ABCD,c5_5,E8,35
136,ABCD,c5_5,D8,35
136,ABCD,c5_5,C8,30
136,ABCD,c5_5,B8,35
136,ABCD,c3_1,E1,35
136,ABCD,c3_1,F1,35
136,ABCD,c3_1,G1,35
136,ABCD,c3_1,H1,35
136,ABCD,c3_1,H2,35
136,ABCD,c3_2,G2,35
136,ABCD,c3_2,F2,35
136,ABCD,c3_3,E2,35
136,ABCD,c3_4,D2,35
136,ABCD,c3_5,C2,35
136,ABCD,c3_5,B2,35
136,ABCD,c3_5,A2,35
136,ABCD,c3_5,A3,35
136,ABCD,c3_5,B3,35
136,ABCD,c3_5,C3,35
136,ABCD,c3_5,D3,35
136,ABCD,c6_1,G9,35
136,ABCD,c6_1,H9,35
136,ABCD,c6_1,H10,35
136,ABCD,c6_1,G10,35
136,ABCD,c6_1,F10,35
136,ABCD,c6_2,E10,35
136,ABCD,c6_3,D10,35
136,ABCD,c6_4,C10,35
136,ABCD,c6_5,B10,35
136,ABCD,c6_5,A10,35
136,ABCD,c6_5,A11,35
136,ABCD,c6_5,B11,35
136,ABCD,c6_5,C11,35
136,ABCD,c6_5,D11,35
136,ABCD,c6_5,E11,35
136,EFGH,c10_1,F9,35
136,EFGH,c10_1,G9,35
136,EFGH,c10_1,H9,35
136,EFGH,c10_1,H10,35
136,EFGH,c10_1,G10,35
136,EFGH,c10_1,F10,35
136,EFGH,c10_2,E10,35
136,EFGH,c10_3,D10,35
136,EFGH,c10_4,C10,35
136,EFGH,c10_5,B10,35
136,EFGH,c10_5,A10,35
136,EFGH,c10_5,A11,35
136,EFGH,c10_5,B11,35
136,EFGH,c10_5,C11,35
136,EFGH,c10_5,D11,35
136,EFGH,c10_5,E11,35
136,EFGH,c7_1,E1,35
136,EFGH,c7_1,F1,35
136,EFGH,c7_1,G1,35
136,EFGH,c7_1,H1,35
136,EFGH,c7_1,H2,35
136,EFGH,c7_2,G2,35
136,EFGH,c7_3,F2,35
136,EFGH,c7_4,E2,35
136,EFGH,c7_4,D2,35
136,EFGH,c7_5,C2,35
136,EFGH,c7_5,B2,35
136,EFGH,c7_5,A2,35
136,EFGH,c7_5,A3,35
136,EFGH,c7_5,B3,35
136,EFGH,c7_5,C3,35
136,EFGH,c8_1,G4,35
136,EFGH,c8_1,F4,35
136,EFGH,c8_1,E4,35
136,EFGH,c8_1,D4,35
136,EFGH,c8_1,C4,35
136,EFGH,c8_1,B4,35
136,EFGH,c8_2,A4,35
136,EFGH,c8_3,A5,35
136,EFGH,c8_4,B5,35
136,EFGH,c8_5,C5,35
136,EFGH,c8_5,D5,35
136,EFGH,c8_5,E5,35
136,EFGH,c8_5,F5,35
136,EFGH,c8_5,G5,35
136,EFGH,c8_5,H5,35
136,EFGH,c8_5,H6,35
136,EFGH,c9_1,A6,35
136,EFGH,c9_1,A7,35
136,EFGH,c9_1,B7,35
136,EFGH,c9_1,C7,35
136,EFGH,c9_1,D7,35
136,EFGH,c9_1,E7,35
136,EFGH,c9_2,F7,35
136,EFGH,c9_3,G7,35
136,EFGH,c9_4,H7,35
136,EFGH,c9_4,H8,35
136,EFGH,c9_5,G8,35
136,EFGH,c9_5,F8,35
136,EFGH,c9_5,E8,35
136,EFGH,c9_5,D8,35
136,EFGH,c9_5,C8,35
136,EFGH,c9_5,B8,35
136,IJKL,c1_1,F9,35
136,IJKL,c1_1,G9,35
136,IJKL,c1_1,H9,35
136,IJKL,c1_1,H10,35
136,IJKL,c1_1,G10,35
136,IJKL,c1_2,F10,35
136,IJKL,c1_3,E10,35
136,IJKL,c1_4,D10,35
136,IJKL,c1_5,C10,35
136,IJKL,c1_5,B10,35
136,IJKL,c1_5,A10,35
136,IJKL,c1_5,A11,35
136,IJKL,c1_5,B11,35
136,IJKL,c1_5,C11,35
136,IJKL,c1_5,D11,35
136,IJKL,c12_1,F4,35
136,IJKL,c12_1,E4,35
136,IJKL,c12_1,D4,35
136,IJKL,c12_1,C4,35
136,IJKL,c12_1,B4,35
136,IJKL,c12_2,A4,35
136,IJKL,c12_3,A5,35
136,IJKL,c12_4,B5,35
136,IJKL,c12_4,C5,35
136,IJKL,c12_5,D5,35
136,IJKL,c12_5,E5,35
136,IJKL,c12_5,F5,35
136,IJKL,c12_5,G5,35
136,IJKL,c12_5,H5,35
136,IJKL,c12_5,H6,35
136,IJKL,c11_1,E1,35
136,IJKL,c11_1,F1,35
136,IJKL,c11_1,G1,35
136,IJKL,c11_1,H1,35
136,IJKL,c11_1,H2,35
136,IJKL,c11_2,G2,35
136,IJKL,c11_3,F2,35
136,IJKL,c11_4,E2,35
136,IJKL,c11_4,D2,35
136,IJKL,c11_5,C2,35
136,IJKL,c11_5,B2,35
136,IJKL,c11_5,A2,35
136,IJKL,c11_5,A3,35
136,IJKL,c11_5,B3,35
136,IJKL,c11_5,C3,35
136,IJKL,c11_5,D3,35
137,ABCD,d5_1,B6,35
137,ABCD,d5_1,A6,35
137,ABCD,d5_1,A7,35
137,ABCD,d5_1,B7,35
137,ABCD,d5_1,C7,30
137,ABCD,d5_1,D7,35
137,ABCD,d5_2,E7,35
137,ABCD,d5_3,F7,35
137,ABCD,d5_4,G7,35
137,ABCD,d5_4,H7,35
137,ABCD,d5_5,H8,35
137,ABCD,d5_5,G8,35
137,ABCD,d5_5,F8,35
137,ABCD,d5_5,E8,35
137,ABCD,d5_5,D8,35
137,ABCD,d5_5,C8,35
137,ABCD,d5_5,B8,35
137,ABCD,d4_1,H3,35
137,ABCD,d4_1,H4,35
137,ABCD,d4_1,G4,35
137,ABCD,d4_1,F4,35
137,ABCD,d4_1,E4,35
137,ABCD,d4_1,D4,35
137,ABCD,d4_1,C4,35
137,ABCD,d4_2,B4,35
137,ABCD,d4_3,A4,35
137,ABCD,d4_4,A5,35
137,ABCD,d4_5,B5,35
137,ABCD,d4_5,C5,35
137,ABCD,d4_5,D5,35
137,ABCD,d4_5,E5,35
137,ABCD,d4_5,F5,35
137,ABCD,d4_5,G5,35
137,ABCD,d4_5,H5,35
137,ABCD,d4_5,H6,35
137,EFGH,d9_1,B6,35
137,EFGH,d9_1,A6,35
137,EFGH,d9_1,A7,35
137,EFGH,d9_1,B7,35
137,EFGH,d9_1,C7,35
137,EFGH,d9_1,D7,35
137,EFGH,d9_2,E7,35
137,EFGH,d9_3,F7,35
137,EFGH,d9_4,G7,35
137,EFGH,d9_4,H7,35
137,EFGH,d9_5,H8,35
137,EFGH,d9_5,G8,35
137,EFGH,d9_5,F8,35
137,EFGH,d9_5,E8,35
137,EFGH,d9_5,D8,35
137,EFGH,d9_5,C8,35
137,EFGH,d9_5,B8,35
137,EFGH,d8_1,G4,35
137,EFGH,d8_1,F4,35
137,EFGH,d8_1,E4,35
137,EFGH,d8_1,D4,35
137,EFGH,d8_1,C4,35
137,EFGH,d8_2,B4,35
137,EFGH,d8_3,A4,29
137,EFGH,d8_4,A5,35
137,EFGH,d8_4,B5,35
137,EFGH,d8_5,C5,35
137,EFGH,d8_5,D5,35
137,EFGH,d8_5,E5,35
137,EFGH,d8_5,F5,35
137,EFGH,d8_5,G5,35
137,EFGH,d8_5,H5,35
137,EFGH,d8_5,H6,35
137,EFGH,d10_1,F9,35
137,EFGH,d10_1,G9,35
137,EFGH,d10_1,H9,35
137,EFGH,d10_1,H10,28
137,EFGH,d10_1,G10,35
137,EFGH,d10_2,F10,35
137,EFGH,d10_3,E10,35
137,EFGH,d10_4,D10,35
137,EFGH,d10_4,C10,35
137,EFGH,d10_5,B10,35
137,EFGH,d10_5,A10,35
137,EFGH,d10_5,A11,35
137,EFGH,d10_5,B11,35
137,EFGH,d10_5,C11,35
137,EFGH,d10_5,D11,35
137,EFGH,d10_5,E11,35
137,EFGH,d7_1,D1,35
137,EFGH,d7_1,E1,35
137,EFGH,d7_1,F1,35
137,EFGH,d7_1,G1,35
137,EFGH,d7_1,H1,35
137,EFGH,d7_2,H2,35
137,EFGH,d7_3,G2,35
137,EFGH,d7_4,F2,35
137,EFGH,d7_4,E2,35
137,EFGH,d7_5,D2,35
137,EFGH,d7_5,C2,35
137,EFGH,d7_5,B2,35
137,EFGH,d7_5,A2,35
137,EFGH,d7_5,A3,35
137,EFGH,d7_5,B3,35
137,EFGH,d7_5,C3,35
137,IJKL,d11_1,D1,35
137,IJKL,d11_1,E1,35
137,IJKL,d11_1,F1,35
137,IJKL,d11_1,G1,35
137,IJKL,d11_1,H1,35
137,IJKL,d11_2,H2,35
137,IJKL,d11_2,G2,35
137,IJKL,d11_3,F2,35
137,IJKL,d11_4,E2,35
137,IJKL,d11_5,D2,35
137,IJKL,d11_5,C2,35
137,IJKL,d11_5,B2,35
137,IJKL,d11_5,A2,35
137,IJKL,d11_5,A3,35
137,IJKL,d11_5,B3,35
137,IJKL,d11_5,C3,35
137,IJKL,e2_1,F9,35
137,IJKL,e2_1,G9,35
137,IJKL,e2_1,H9,35
137,IJKL,e2_1,H10,35
137,IJKL,e2_1,G10,35
137,IJKL,e2_2,F10,35
137,IJKL,e2_3,E10,35
137,IJKL,e2_3,D10,35
137,IJKL,e2_4,C10,35
137,IJKL,e2_5,B10,33
137,IJKL,e2_5,A10,33
137,IJKL,e2_5,A11,33
137,IJKL,e2_5,B11,33
137,IJKL,e2_5,C11,33
137,IJKL,e2_5,D11,33
137,IJKL,e2_5,E11,33
137,IJKL,d12_1,G4,35
137,IJKL,d12_1,F4,35
137,IJKL,d12_1,E4,35
137,IJKL,d12_1,D4,35
137,IJKL,d12_1,C4,35
137,IJKL,d12_2,B4,35
137,IJKL,d12_3,A4,35
137,IJKL,d12_4,A5,35
137,IJKL,d12_4,B5,35
137,IJKL,d12_5,C5,35
137,IJKL,d12_5,D5,35
137,IJKL,d12_5,E5,35
137,IJKL,d12_5,F5,35
137,IJKL,d12_5,G5,35
137,IJKL,d12_5,H5,35
137,IJKL,d12_5,H6,35
137,IJKL,e1_1,A6,35
137,IJKL,e1_1,A7,35
137,IJKL,e1_1,B7,35
137,IJKL,e1_1,C7,35
137,IJKL,e1_1,D7,35
137,IJKL,e1_2,E7,35
137,IJKL,e1_2,F7,35
137,IJKL,e1_3,G7,35
137,IJKL,e1_4,H7,35
137,IJKL,e1_5,H8,35
137,IJKL,e1_5,G8,35
137,IJKL,e1_5,F8,35
137,IJKL,e1_5,E8,35
137,IJKL,e1_5,D8,35
137,IJKL,e1_5,C8,35
137,IJKL,e1_5,B8,35
138,ABCD,e4_1,G4,35
138,ABCD,e4_1,F4,35
138,ABCD,e4_1,E4,35
138,ABCD,e4_1,D4,35
138,ABCD,e4_1,C4,35
138,ABCD,e4_2,B4,35
138,ABCD,e4_3,A4,35
138,ABCD,e4_3,A5,35
138,ABCD,e4_4,B5,35
138,ABCD,e4_5,C5,35
138,ABCD,e4_5,D5,35
138,ABCD,e4_5,E5,35
138,ABCD,e4_5,F5,35
138,ABCD,e4_5,G5,35
138,ABCD,e4_5,H5,35
138,ABCD,e4_5,H6,35
138,ABCD,e4_5,G6,35
138,ABCD,e3_1,D1,35
138,ABCD,e3_1,E1,35
138,ABCD,e3_1,F1,35
138,ABCD,e3_1,G1,35
138,ABCD,e3_1,H1,35
138,ABCD,e3_2,H2,35
138,ABCD,e3_3,G2,35
138,ABCD,e3_3,F2,35
138,ABCD,e3_4,E2,35
138,ABCD,e3_5,D2,35
138,ABCD,e3_5,C2,35
138,ABCD,e3_5,B2,35
138,ABCD,e3_5,A2,35
138,ABCD,e3_5,A3,35
138,ABCD,e3_5,B3,35
138,ABCD,e3_5,C3,35
138,ABCD,e6_1,F9,35
138,ABCD,e6_1,G9,35
138,ABCD,e6_1,H9,35
138,ABCD,e6_1,H10,35
138,ABCD,e6_1,G10,35
138,ABCD,e6_2,F10,35
138,ABCD,e6_3,E10,35
138,ABCD,e6_4,D10,35
138,ABCD,e6_5,C10,35
138,ABCD,e6_5,B10,35
138,ABCD,e6_5,A10,35
138,ABCD,e6_5,A11,35
138,ABCD,e6_5,B11,35
138,ABCD,e6_5,C11,35
138,ABCD,e6_5,D11,35
138,ABCD,e6_5,E11,35
138,EFGH,e7_1,D1,35
138,EFGH,e7_1,E1,35
138,EFGH,e7_1,F1,35
138,EFGH,e7_1,G1,35
138,EFGH,e7_1,H1,35
138,EFGH,e7_1,H2,35
138,EFGH,e7_2,G2,35
138,EFGH,e7_3,F2,35
138,EFGH,e7_4,E2,35
138,EFGH,e7_5,D2,35
138,EFGH,e7_5,C2,35
138,EFGH,e7_5,B2,35
138,EFGH,e7_5,A2,35
138,EFGH,e7_5,A3,35
138,EFGH,e7_5,B3,35
138,EFGH,e7_5,C3,35
138,EFGH,e9_1,B6,35
138,EFGH,e9_1,A6,35
138,EFGH,e9_1,A7,35
138,EFGH,e9_1,B7,35
138,EFGH,e9_1,C7,35
138,EFGH,e9_1,D7,35
138,EFGH,e9_2,E7,35
138,EFGH,e9_3,F7,35
138,EFGH,e9_3,G7,35
138,EFGH,e9_4,H7,35
138,EFGH,e9_4,H8,35
138,EFGH,e9_5,G8,35
138,EFGH,e9_5,F8,35
138,EFGH,e9_5,E8,35
138,EFGH,e9_5,D8,35
138,EFGH,e9_5,C8,35
138,EFGH,e9_5,B8,35
138,EFGH,e10_1,E9,35
138,EFGH,e10_1,F9,35
138,EFGH,e10_1,G9,35
138,EFGH,e10_1,H9,35
138,EFGH,e10_1,H10,35
138,EFGH,e10_1,G10,35
138,EFGH,e10_2,F10,35
138,EFGH,e10_3,E10,35
138,EFGH,e10_4,D10,35
138,EFGH,e10_5,C10,35
138,EFGH,e10_5,B10,35
138,EFGH,e10_5,A10,35
138,EFGH,e10_5,A11,35
138,EFGH,e10_5,B11,35
138,EFGH,e10_5,C11,35
138,EFGH,e10_5,D11,35
138,EFGH,e8_1,G4,35
138,EFGH,e8_1,F4,35
138,EFGH,e8_1,E4,35
138,EFGH,e8_1,D4,35
138,EFGH,e8_1,C4,35
138,EFGH,e8_2,B4,35
138,EFGH,e8_3,A4,35
138,EFGH,e8_3,A5,35
138,EFGH,e8_4,B5,35
138,EFGH,e8_5,C5,35
138,EFGH,e8_5,D5,35
138,EFGH,e8_5,E5,35
138,EFGH,e8_5,F5,35
138,EFGH,e8_5,G5,35
138,EFGH,e8_5,H5,35
138,EFGH,e8_5,H6,35
138,IJKL,e12_1,G4,32
138,IJKL,e12_1,F4,32
138,IJKL,e12_1,E4,32
138,IJKL,e12_1,D4,32
138,IJKL,e12_1,C4,32
138,IJKL,e12_2,B4,32
138,IJKL,e12_3,A4,32
138,IJKL,e12_3,A5,32
138,IJKL,e12_4,B5,32
138,IJKL,e12_5,C5,32
138,IJKL,e12_5,D5,32
138,IJKL,e12_5,E5,32
138,IJKL,e12_5,F5,32
138,IJKL,e12_5,G5,32
138,IJKL,e12_5,H5,32
138,IJKL,e12_5,H6,32
138,IJKL,e11_1,D1,33
138,IJKL,e11_1,E1,31
138,IJKL,e11_1,F1,33
138,IJKL,e11_1,G1,32
138,IJKL,e11_1,H1,32
138,IJKL,e11_1,H2,32
138,IJKL,e11_2,G2,33
138,IJKL,e11_3,F2,33
138,IJKL,e11_4,E2,32
138,IJKL,e11_5,D2,32
138,IJKL,e11_5,C2,28
138,IJKL,e11_5,B2,28
138,IJKL,e11_5,A2,28
138,IJKL,e11_5,A3,28
138,IJKL,e11_5,B3,32
138,IJKL,e11_5,C3,28
138,IJKL,e11_5,D3,28
138,IJKL,L2_1,E9,32
138,IJKL,L2_1,F9,32
138,IJKL,L2_1,G9,32
138,IJKL,L2_1,H9,32
138,IJKL,L2_1,H10,32
138,IJKL,L2_1,G10,32
138,IJKL,L2_2,F10,32
138,IJKL,L2_3,E10,32
138,IJKL,L2_3,D10,32
138,IJKL,L2_4,C10,32
138,IJKL,L2_5,B10,32
138,IJKL,L2_5,A10,32
138,IJKL,L2_5,A11,32
138,IJKL,L2_5,B11,32
138,IJKL,L2_5,C11,32
138,IJKL,L2_5,D11,32
138,IJKL,L2_5,E11,32
138,IJKL,K6_1,A6,32
138,IJKL,K6_1,A7,32
138,IJKL,K6_1,B7,32
138,IJKL,K6_1,C7,32
138,IJKL,K6_1,D7,32
138,IJKL,K6_2,E7,32
138,IJKL,K6_3,F7,32
138,IJKL,K6_4,G7,32
138,IJKL,K6_4,H7,32
138,IJKL,K6_5,H8,32
138,IJKL,K6_5,G8,32
138,IJKL,K6_5,F8,32
138,IJKL,K6_5,E8,32
138,IJKL,K6_5,D8,32
138,IJKL,K6_5,C8,32
138,IJKL,K6_5,B8,32
139,ABCD,N1_1,A6,20
139,ABCD,N1_1,A7,35
139,ABCD,N1_1,B7,35
139,ABCD,N1_1,C7,35
139,ABCD,N1_1,D7,35
139,ABCD,N1_1,E7,35
139,ABCD,N1_2,F7,35
139,ABCD,N1_3,G7,35
139,ABCD,N1_4,H7,35
139,ABCD,N1_5,H8,35
139,ABCD,N1_5,G8,35
139,ABCD,N1_5,F8,35
139,ABCD,N1_5,E8,35
139,ABCD,N1_5,D8,35
139,ABCD,N1_5,C8,35
139,ABCD,N1_5,B8,35
139,ABCD,M1_1,D1,35
139,ABCD,M1_1,E1,35
139,ABCD,M1_1,F1,35
139,ABCD,M1_1,G1,35
139,ABCD,M1_1,H1,35
139,ABCD,M1_2,H2,35
139,ABCD,M1_3,G2,35
139,ABCD,M1_4,F2,35
139,ABCD,M1_5,E2,35
139,ABCD,M1_5,D2,35
139,ABCD,M1_5,C2,35
139,ABCD,M1_5,B2,35
139,ABCD,M1_5,A2,35
139,ABCD,M1_5,A3,35
139,ABCD,M1_5,B3,35
139,ABCD,M1_5,C3,35
139,ABCD,O4_1,F9,35
139,ABCD,O4_1,G9,35
139,ABCD,O4_1,H9,35
139,ABCD,O4_1,H10,35
139,ABCD,O4_1,G10,35
139,ABCD,O4_1,F10,35
139,ABCD,O4_2,E10,35
139,ABCD,O4_3,D10,35
139,ABCD,O4_4,C10,35
139,ABCD,O4_5,B10,33
139,ABCD,O4_5,A10,33
139,ABCD,O4_5,A11,33
139,ABCD,O4_5,B11,33
139,ABCD,O4_5,C11,33
139,ABCD,O4_5,D11,33
139,ABCD,O4_5,E11,33
139,EFGH,O6_1,D1,35
139,EFGH,O6_1,E1,35
139,EFGH,O6_1,F1,35
139,EFGH,O6_1,G1,35
139,EFGH,O6_1,H1,35
139,EFGH,O6_1,H2,35
139,EFGH,O6_2,G2,35
139,EFGH,O6_3,F2,35
139,EFGH,O6_4,E2,35
139,EFGH,O6_5,D2,35
139,EFGH,O6_5,C2,35
139,EFGH,O6_5,B2,35
139,EFGH,O6_5,A2,35
139,EFGH,O6_5,A3,35
139,EFGH,O6_5,B3,35
139,EFGH,O6_5,C3,35
139,EFGH,R5_1,F9,35
139,EFGH,R5_1,G9,35
139,EFGH,R5_1,H9,35
139,EFGH,R5_1,H10,35
139,EFGH,R5_1,G10,35
139,EFGH,R5_2,F10,35
139,EFGH,R5_3,E10,35
139,EFGH,R5_3,D10,35
139,EFGH,R5_4,C10,35
139,EFGH,R5_5,B10,35
139,EFGH,R5_5,A10,35
139,EFGH,R5_5,A11,35
139,EFGH,R5_5,B11,35
139,EFGH,R5_5,C11,35
139,EFGH,R5_5,D11,35
139,EFGH,R5_5,E11,35
139,EFGH,P6_1,G4,35
139,EFGH,P6_1,F4,35
139,EFGH,P6_1,E4,35
139,EFGH,P6_1,D4,35
139,EFGH,P6_1,C4,35
139,EFGH,P6_2,B4,35
139,EFGH,P6_2,A4,35
139,EFGH,P6_3,A5,35
139,EFGH,P6_4,B5,35
139,EFGH,P6_5,C5,35
139,EFGH,P6_5,D5,35
139,EFGH,P6_5,E5,35
139,EFGH,P6_5,F5,35
139,EFGH,P6_5,G5,35
139,EFGH,P6_5,H5,35
139,EFGH,P6_5,H6,35
139,EFGH,Q5_1,A6,35
139,EFGH,Q5_1,A7,35
139,EFGH,Q5_1,B7,35
139,EFGH,Q5_1,C7,35
139,EFGH,Q5_1,D7,35
139,EFGH,Q5_2,E7,35
139,EFGH,Q5_3,F7,35
139,EFGH,Q5_4,G7,35
139,EFGH,Q5_4,H7,35
139,EFGH,Q5_5,H8,35
139,EFGH,Q5_5,G8,35
139,EFGH,Q5_5,F8,35
139,EFGH,Q5_5,E8,35
139,EFGH,Q5_5,D8,35
139,EFGH,Q5_5,C8,35
139,EFGH,Q5_5,B8,35
139,IJKL,S2_1,E1,35
139,IJKL,S2_1,F1,35
139,IJKL,S2_1,G1,35
139,IJKL,S2_1,H1,35
139,IJKL,S2_1,H2,35
139,IJKL,S2_2,G2,35
139,IJKL,S2_3,F2,35
139,IJKL,S2_4,E2,35
139,IJKL,S2_5,D2,35
139,IJKL,S2_5,C2,35
139,IJKL,S2_5,B2,35
139,IJKL,S2_5,A2,35
139,IJKL,S2_5,A3,35
139,IJKL,S2_5,B3,35
139,IJKL,S2_5,C3,35
139,IJKL,T3_1,A6,35
139,IJKL,T3_1,A7,35
139,IJKL,T3_1,B7,35
139,IJKL,T3_1,C7,35
139,IJKL,T3_1,D7,35
139,IJKL,T3_1,E7,35
139,IJKL,T3_2,F7,35
139,IJKL,T3_3,G7,35
139,IJKL,T3_4,H7,35
139,IJKL,T3_4,H8,35
139,IJKL,T3_5,G8,35
139,IJKL,T3_5,F8,35
139,IJKL,T3_5,E8,35
139,IJKL,T3_5,D8,35
139,IJKL,T3_5,C8,35
139,IJKL,T3_5,B8,35
139,IJKL,T3_5,A8,35
139,IJKL,S5_1,G4,35
139,IJKL,S5_1,F4,35
139,IJKL,S5_1,E4,35
139,IJKL,S5_1,D4,35
139,IJKL,S5_1,C4,35
139,IJKL,S5_1,B4,35
139,IJKL,S5_2,A4,35
139,IJKL,S5_3,A5,35
139,IJKL,S5_4,B5,35
139,IJKL,S5_5,C5,35
139,IJKL,S5_5,D5,35
139,IJKL,S5_5,E5,35
139,IJKL,S5_5,F5,35
139,IJKL,S5_5,G5,35
139,IJKL,S5_5,H5,35
139,IJKL,S5_5,H6,35
139,IJKL,T5_1,F9,35
139,IJKL,T5_1,G9,35
139,IJKL,T5_1,H9,35
139,IJKL,T5_1,H10,35
139,IJKL,T5_1,G10,35
139,IJKL,T5_1,F10,35
139,IJKL,T5_2,E10,35
139,IJKL,T5_3,D10,35
139,IJKL,T5_4,C10,35
139,IJKL,T5_5,B10,35
139,IJKL,T5_5,A10,35
139,IJKL,T5_5,A11,35
139,IJKL,T5_5,B11,35
139,IJKL,T5_5,C11,35
139,IJKL,T5_5,D11,35
139,IJKL,T5_5,E11,35
140,EFGH,g1_1,A6,35
140,EFGH,g1_1,A7,35
140,EFGH,g1_1,B7,35
140,EFGH,g1_1,C7,35
140,EFGH,g1_1,D7,35
140,EFGH,g1_2,E7,35
140,EFGH,g1_3,F7,35
140,EFGH,g1_4,G7,35
140,EFGH,g1_4,H7,35
140,EFGH,g1_5,H8,35
140,EFGH,g1_5,G8,35
140,EFGH,g1_5,F8,35
140,EFGH,g1_5,E8,35
140,EFGH,g1_5,D8,35
140,EFGH,g1_5,C8,35
140,EFGH,g1_5,B8,35
140,EFGH,a3_1,G4,35
140,EFGH,a3_1,F4,35
140,EFGH,a3_1,E4,35
140,EFGH,a3_1,D4,35
140,EFGH,a3_1,C4,35
140,EFGH,a3_2,B4,35
140,EFGH,a3_3,A4,35
140,EFGH,a3_3,A5,35
140,EFGH,a3_4,B5,35
140,EFGH,a3_5,C5,35
140,EFGH,a3_5,D5,35
140,EFGH,a3_5,E5,35
140,EFGH,a3_5,F5,35
140,EFGH,a3_5,G5,35
140,EFGH,a3_5,H5,35
140,EFGH,a3_5,H6,35
140,EFGH,g4_1,E9,35
140,EFGH,g4_1,F9,35
140,EFGH,g4_1,G9,35
140,EFGH,g4_1,H9,35
140,EFGH,g4_1,H10,35
140,EFGH,g4_1,G10,35
140,EFGH,g4_2,F10,35
140,EFGH,g4_3,E10,35
140,EFGH,g4_3,D10,35
140,EFGH,g4_4,C10,35
140,EFGH,g4_5,B10,35
140,EFGH,g4_5,A10,35
140,EFGH,g4_5,A11,35
140,EFGH,g4_5,B11,35
140,EFGH,g4_5,C11,35
140,EFGH,g4_5,D11,35
140,EFGH,g4_5,E11,35
140,IJKL,g6_1,E4,35
140,IJKL,g6_1,D4,35
140,IJKL,g6_1,C4,35
140,IJKL,g6_1,B4,35
140,IJKL,g6_1,A4,35
140,IJKL,g6_2,A5,35
140,IJKL,g6_3,B5,35
140,IJKL,g6_4,C5,35
140,IJKL,g6_4,D5,35
140,IJKL,g6_5,E5,35
140,IJKL,g6_5,F5,35
140,IJKL,g6_5,G5,35
140,IJKL,g6_5,H5,35
140,IJKL,g6_5,H6,35
140,IJKL,g6_5,G6,35
140,IJKL,g5_1,F1,35
140,IJKL,g5_1,G1,35
140,IJKL,g5_1,H1,35
140,IJKL,g5_1,H2,35
140,IJKL,g5_1,G2,35
140,IJKL,g5_2,F2,35
140,IJKL,g5_3,E2,35
140,IJKL,g5_4,D2,35
140,IJKL,g5_5,C2,35
140,IJKL,g5_5,B2,35
140,IJKL,g5_5,A2,35
140,IJKL,g5_5,A3,35
140,IJKL,g5_5,B3,35
140,IJKL,g5_5,C3,35
140,IJKL,f4_1,G9,35
140,IJKL,f4_1,H9,35
140,IJKL,f4_1,H10,35
140,IJKL,f4_1,G10,35
140,IJKL,f4_1,F10,35
140,IJKL,f4_1,E10,35
140,IJKL,f4_2,D10,35
140,IJKL,f4_3,C10,35
140,IJKL,f4_4,B10,35
140,IJKL,f4_5,A10,35
140,IJKL,f4_5,A11,35
140,IJKL,f4_5,B11,35
140,IJKL,f4_5,C11,35
140,IJKL,f4_5,D11,35
140,IJKL,f4_5,E11,35
140,IJKL,f4_5,F11,35
140,IJKL,g7_1,B7,35
140,IJKL,g7_1,C7,35
140,IJKL,g7_1,D7,35
140,IJKL,g7_1,E7,35
140,IJKL,g7_1,F7,35
140,IJKL,g7_2,G7,35
140,IJKL,g7_3,H7,35
140,IJKL,g7_4,H8,35
140,IJKL,g7_5,G8,35
140,IJKL,g7_5,F8,35
140,IJKL,g7_5,E8,35
140,IJKL,g7_5,D8,35
140,IJKL,g7_5,C8,35
140,IJKL,g7_5,B8,35
141,ABCD,K1_1,A6,35
141,ABCD,K1_1,A7,35
141,ABCD,K1_1,B7,35
141,ABCD,K1_1,C7,35
141,ABCD,K1_1,D7,35
141,ABCD,K1_2,E7,35
141,ABCD,K1_3,F7,35
141,ABCD,K1_3,G7,40
141,ABCD,K1_4,H7,35
141,ABCD,K1_5,H8,35
141,ABCD,K1_5,G8,35
141,ABCD,K1_5,F8,35
141,ABCD,K1_5,E8,35
141,ABCD,K1_5,D8,35
141,ABCD,K1_5,C8,35
141,ABCD,K1_5,B8,35
141,ABCD,Z4_1,E1,35
141,ABCD,Z4_1,F1,35
141,ABCD,Z4_1,G1,35
141,ABCD,Z4_1,H1,35
141,ABCD,Z4_1,H2,35
141,ABCD,Z4_2,G2,35
141,ABCD,Z4_3,F2,35
141,ABCD,Z4_4,E2,35
141,ABCD,Z4_4,D2,35
141,ABCD,Z4_5,C2,35
141,ABCD,Z4_5,B2,35
141,ABCD,Z4_5,A2,35
141,ABCD,Z4_5,A3,35
141,ABCD,Z4_5,B3,35
141,ABCD,Z4_5,C3,35
141,ABCD,Z5_1,F9,35
141,ABCD,Z5_1,G9,35
141,ABCD,Z5_1,H9,35
141,ABCD,Z5_1,H10,35
141,ABCD,Z5_1,G10,35
141,ABCD,Z5_2,F10,35
141,ABCD,Z5_3,E10,35
141,ABCD,Z5_4,D10,35
141,ABCD,Z5_4,C10,35
141,ABCD,Z5_5,B10,31
141,ABCD,Z5_5,A10,31
141,ABCD,Z5_5,A11,31
141,ABCD,Z5_5,B11,31
141,ABCD,Z5_5,C11,31
141,ABCD,Z5_5,D11,31
141,ABCD,Z5_5,E11,31
141,ABCD,W3_1,H4,35
141,ABCD,W3_1,G4,35
141,ABCD,W3_1,F4,35
141,ABCD,W3_1,E4,35
141,ABCD,W3_2,D4,35
141,ABCD,W3_3,C4,35
141,ABCD,W3_4,B4,35
141,ABCD,W3_5,A4,35
141,ABCD,W3_5,A5,35
141,ABCD,W3_5,B5,35
141,ABCD,W3_5,C5,35
141,ABCD,W3_5,D5,35
141,ABCD,W3_5,E5,35
141,EFGH,P3_1,F9,35
141,EFGH,P3_1,G9,35
141,EFGH,P3_1,H9,35
141,EFGH,P3_1,H10,35
141,EFGH,P3_1,G10,35
141,EFGH,P3_1,F10,35
141,EFGH,P3_2,E10,35
141,EFGH,P3_3,D10,35
141,EFGH,P3_4,C10,35
141,EFGH,P3_5,B10,35
141,EFGH,P3_5,A10,35
141,EFGH,P3_5,A11,35
141,EFGH,P3_5,B11,35
141,EFGH,P3_5,C11,35
141,EFGH,P3_5,D11,35
141,EFGH,P3_5,E11,35
141,EFGH,M3_1,G4,35
141,EFGH,M3_1,F4,35
141,EFGH,M3_1,E4,35
141,EFGH,M3_1,D4,35
141,EFGH,M3_1,C4,35
141,EFGH,M3_2,B4,35
141,EFGH,M3_3,A4,35
141,EFGH,M3_3,A5,35
141,EFGH,M3_4,B5,35
141,EFGH,M3_5,C5,35
141,EFGH,M3_5,D5,35
141,EFGH,M3_5,E5,35
141,EFGH,M3_5,F5,35
141,EFGH,M3_5,G5,35
141,EFGH,M3_5,H5,35
141,EFGH,M3_5,H6,35
141,EFGH,S3_1,D1,35
141,EFGH,S3_1,E1,35
141,EFGH,S3_1,F1,35
141,EFGH,S3_1,G1,35
141,EFGH,S3_1,H1,35
141,EFGH,S3_2,H2,35
141,EFGH,S3_3,G2,35
141,EFGH,S3_3,F2,35
141,EFGH,S3_4,E2,35
141,EFGH,S3_5,D2,35
141,EFGH,S3_5,C2,35
141,EFGH,S3_5,B2,35
141,EFGH,S3_5,A2,35
141,EFGH,S3_5,A3,35
141,EFGH,S3_5,B3,35
141,EFGH,S3_5,C3,35
141,IJKL,g3_1,D1,35
141,IJKL,g3_1,E1,35
141,IJKL,g3_1,F1,35
141,IJKL,g3_1,G1,35
141,IJKL,g3_1,H1,35
141,IJKL,g3_1,H2,35
141,IJKL,g3_2,G2,35
141,IJKL,g3_3,F2,35
141,IJKL,g3_4,E2,35
141,IJKL,g3_5,D2,35
141,IJKL,g3_5,C2,35
141,IJKL,g3_5,B2,35
141,IJKL,g3_5,A2,35
141,IJKL,g3_5,A3,35
141,IJKL,g3_5,B3,35
141,IJKL,g3_5,C3,35
141,IJKL,d2_1,H4,35
141,IJKL,d2_1,G4,35
141,IJKL,d2_1,F4,35
141,IJKL,d2_1,E4,35
141,IJKL,d2_1,D4,35
141,IJKL,d2_1,C4,35
141,IJKL,d2_2,B4,35
141,IJKL,d2_3,A4,35
141,IJKL,d2_4,A5,35
141,IJKL,d2_5,B5,35
141,IJKL,d2_5,C5,35
141,IJKL,d2_5,D5,35
141,IJKL,d2_5,E5,35
141,IJKL,d2_5,F5,35
141,IJKL,d2_5,G5,35
141,IJKL,d2_5,H5,35
141,IJKL,d2_5,H6,35
141,IJKL,f1_1,A6,35
141,IJKL,f1_1,A7,35
141,IJKL,f1_1,B7,35
141,IJKL,f1_1,C7,35
141,IJKL,f1_1,D7,35
141,IJKL,f1_2,E7,35
141,IJKL,f1_3,F7,35
141,IJKL,f1_3,G7,35
141,IJKL,f1_4,H7,35
141,IJKL,f1_5,H8,35
141,IJKL,f1_5,G8,35
141,IJKL,f1_5,F8,35
141,IJKL,f1_5,E8,35
141,IJKL,f1_5,D8,35
141,IJKL,f1_5,C8,35
141,IJKL,f1_5,B8,35
141,IJKL,d1_1,F9,35
141,IJKL,d1_1,G9,35
141,IJKL,d1_1,H9,35
141,IJKL,d1_1,H10,35
141,IJKL,d1_1,G10,35
141,IJKL,d1_2,F10,35
141,IJKL,d1_2,E10,35
141,IJKL,d1_3,D10,35
141,IJKL,d1_4,C10,35
141,IJKL,d1_5,B10,35
141,IJKL,d1_5,A10,35
141,IJKL,d1_5,A11,35
141,IJKL,d1_5,B11,35
141,IJKL,d1_5,C11,35
141,IJKL,d1_5,D11,35
141,MNOP,c2_1,C1,35
141,MNOP,c2_1,D1,35
141,MNOP,c2_1,E1,35
141,MNOP,c2_1,F1,35
141,MNOP,c2_1,G1,35
141,MNOP,c2_1,H1,35
141,MNOP,c2_2,H2,35
141,MNOP,c2_3,G2,35
141,MNOP,c2_4,F2,35
141,MNOP,c2_5,E2,35
141,MNOP,c2_5,D2,35
141,MNOP,c2_5,C2,35
141,MNOP,c2_5,B2,35
141,MNOP,c2_5,A2,35
141,MNOP,c2_5,A3,35
141,MNOP,c2_5,B3,35
141,MNOP,c2_5,C3,35
141,MNOP,g2_1,H4,35
141,MNOP,g2_1,G4,35
141,MNOP,g2_1,F4,35
141,MNOP,g2_1,E4,35
141,MNOP,g2_1,D4,35
141,MNOP,g2_1,C4,35
141,MNOP,g2_2,B4,35
141,MNOP,g2_3,A4,35
141,MNOP,g2_4,A5,35
141,MNOP,g2_4,B5,35
141,MNOP,g2_5,C5,35
141,MNOP,g2_5,D5,35
141,MNOP,g2_5,E5,35
141,MNOP,g2_5,F5,35
141,MNOP,g2_5,G5,35
141,MNOP,g2_5,H5,35
141,MNOP,g2_5,H6,35
141,MNOP,f5_1,C6,35
141,MNOP,f5_1,B6,35
141,MNOP,f5_1,A6,35
141,MNOP,f5_1,A7,35
141,MNOP,f5_1,B7,35
141,MNOP,f5_1,C7,35
141,MNOP,f5_2,D7,35
141,MNOP,f5_3,E7,35
141,MNOP,f5_3,F7,35
141,MNOP,f5_4,G7,35
141,MNOP,f5_5,H7,35
141,MNOP,f5_5,H8,35
141,MNOP,f5_5,G8,35
141,MNOP,f5_5,F8,35
141,MNOP,f5_5,E8,35
141,MNOP,f5_5,D8,35
141,MNOP,f5_5,C8,35
141,MNOP,f5_5,B8,35
141,MNOP,f2_1,D9,35
141,MNOP,f2_1,E9,35
141,MNOP,f2_1,F9,35
141,MNOP,f2_1,G9,35
141,MNOP,f2_1,H9,35
141,MNOP,f2_1,H10,35
141,MNOP,f2_2,G10,35
141,MNOP,f2_2,F10,35
141,MNOP,f2_3,E10,35
141,MNOP,f2_4,D10,35
141,MNOP,f2_5,C10,35
141,MNOP,f2_5,B10,35
141,MNOP,f2_5,A10,35
141,MNOP,f2_5,A11,35
141,MNOP,f2_5,B11,35
141,MNOP,f2_5,C11,35
141,MNOP,f2_5,D11,35
141,MNOP,f2_5,E11,35
142,ABCD,g11_1,F9,35
142,ABCD,g11_1,G9,35
142,ABCD,g11_1,H9,35
142,ABCD,g11_1,H10,35
142,ABCD,g11_1,G10,35
142,ABCD,g11_2,F10,35
142,ABCD,g11_3,E10,35
142,ABCD,g11_3,D10,35
142,ABCD,g11_4,C10,35
142,ABCD,g11_5,B10,35
142,ABCD,g11_5,A10,35
142,ABCD,g11_5,A11,35
142,ABCD,g11_5,B11,35
142,ABCD,g11_5,C11,35
142,ABCD,g11_5,D11,35
142,ABCD,g11_5,E11,35
142,ABCD,g8_1,D1,35
142,ABCD,g8_1,E1,35
142,ABCD,g8_1,F1,35
142,ABCD,g8_1,G1,35
142,ABCD,g8_1,H1,35
142,ABCD,g8_2,H2,35
142,ABCD,g8_2,G2,35
142,ABCD,g8_3,F2,35
142,ABCD,g8_4,E2,35
142,ABCD,g8_5,D2,35
142,ABCD,g8_5,C2,35
142,ABCD,g8_5,B2,35
142,ABCD,g8_5,A2,28
142,ABCD,g8_5,A3,35
142,ABCD,g8_5,B3,35
142,ABCD,g8_5,C3,35
142,ABCD,g10_1,A6,35
142,ABCD,g10_1,A7,35
142,ABCD,g10_1,B7,35
142,ABCD,g10_1,C7,35
142,ABCD,g10_1,D7,35
142,ABCD,g10_2,E7,35
142,ABCD,g10_3,F7,35
142,ABCD,g10_4,G7,35
142,ABCD,g10_4,H7,35
142,ABCD,g10_5,H8,35
142,ABCD,g10_5,G8,35
142,ABCD,g10_5,F8,35
142,ABCD,g10_5,E8,35
142,ABCD,g10_5,D8,35
142,ABCD,g10_5,C8,35
142,ABCD,g10_5,B8,35
142,ABCD,g9_1,G4,35
142,ABCD,g9_1,F4,35
142,ABCD,g9_1,E4,35
142,ABCD,g9_1,D4,35
142,ABCD,g9_1,C4,35
142,ABCD,g9_2,B4,35
142,ABCD,g9_3,A4,35
142,ABCD,g9_3,A5,35
142,ABCD,g9_4,B5,35
142,ABCD,g9_5,C5,35
142,ABCD,g9_5,D5,35
142,ABCD,g9_5,E5,35
142,ABCD,g9_5,F5,35
142,ABCD,g9_5,G5,35
142,ABCD,g9_5,H5,35
142,ABCD,g9_5,H6,35
142,EFGH,f11_1,H4,35
142,EFGH,f11_1,G4,35
142,EFGH,f11_1,F4,35
142,EFGH,f11_1,E4,35
142,EFGH,f11_1,D4,35
142,EFGH,f11_1,C4,35
142,EFGH,f11_2,B4,35
142,EFGH,f11_3,A4,35
142,EFGH,f11_3,A5,35
142,EFGH,f11_4,B5,35
142,EFGH,f11_5,C5,35
142,EFGH,f11_5,D5,35
142,EFGH,f11_5,E5,35
142,EFGH,f11_5,F5,35
142,EFGH,f11_5,G5,35
142,EFGH,f11_5,H5,35
142,EFGH,f11_5,H6,35
142,EFGH,g12_1,B6,35
142,EFGH,g12_1,A6,35
142,EFGH,g12_1,A7,31
142,EFGH,g12_1,B7,35
142,EFGH,g12_1,C7,35
142,EFGH,g12_1,D7,35
142,EFGH,g12_2,E7,35
142,EFGH,g12_3,F7,35
142,EFGH,g12_4,G7,35
142,EFGH,g12_4,H7,35
142,EFGH,g12_5,H8,35
142,EFGH,g12_5,G8,35
142,EFGH,g12_5,F8,35
142,EFGH,g12_5,E8,35
142,EFGH,g12_5,D8,35
142,EFGH,g12_5,C8,35
142,EFGH,g12_5,B8,35
142,EFGH,f9_1,F9,35
142,EFGH,f9_1,G9,35
142,EFGH,f9_1,H9,35
142,EFGH,f9_1,H10,35
142,EFGH,f9_1,G10,35
142,EFGH,f9_2,F10,35
142,EFGH,f9_3,E10,35
142,EFGH,f9_4,D10,35
142,EFGH,f9_4,C10,35
142,EFGH,f9_5,B10,34
142,EFGH,f9_5,A10,34
142,EFGH,f9_5,A11,34
142,EFGH,f9_5,B11,34
142,EFGH,f9_5,C11,34
142,EFGH,f9_5,D11,31
142,EFGH,f9_5,E11,34
142,EFGH,f12_1,D1,35
142,EFGH,f12_1,E1,35
142,EFGH,f12_1,F1,35
142,EFGH,f12_1,G1,35
142,EFGH,f12_1,H1,35
142,EFGH,f12_2,H2,35
142,EFGH,f12_3,G2,35
142,EFGH,f12_4,F2,35
142,EFGH,f12_4,E2,35
142,EFGH,f12_5,D2,35
142,EFGH,f12_5,C2,35
142,EFGH,f12_5,B2,35
142,EFGH,f12_5,A2,35
142,EFGH,f12_5,A3,35
142,EFGH,f12_5,B3,35
142,EFGH,f12_5,C3,35
142,IJKL,P5_1,G9,35
142,IJKL,P5_1,H9,35
142,IJKL,P5_1,H10,35
142,IJKL,P5_1,G10,35
142,IJKL,P5_1,F10,35
142,IJKL,P5_2,E10,35
142,IJKL,P5_3,D10,35
142,IJKL,P5_4,C10,35
142,IJKL,P5_4,B10,35
142,IJKL,P5_5,A10,35
142,IJKL,P5_5,A11,35
142,IJKL,P5_5,B11,35
142,IJKL,P5_5,C11,35
142,IJKL,P5_5,D11,35
142,IJKL,P5_5,E11,35
142,IJKL,U5_1,F4,35
142,IJKL,U5_1,E4,35
142,IJKL,U5_1,D4,35
142,IJKL,U5_1,C4,35
142,IJKL,U5_1,B4,35
142,IJKL,U5_1,A4,35
142,IJKL,U5_2,A5,35
142,IJKL,U5_3,B5,35
142,IJKL,U5_4,C5,35
142,IJKL,U5_5,D5,35
142,IJKL,U5_5,E5,35
142,IJKL,U5_5,F5,35
142,IJKL,U5_5,G5,35
142,IJKL,U5_5,H5,35
142,IJKL,U5_5,H6,35
142,IJKL,P1_1,A7,35
142,IJKL,P1_1,B7,35
142,IJKL,P1_1,C7,35
142,IJKL,P1_1,D7,35
142,IJKL,P1_1,E7,35
142,IJKL,P1_2,F7,35
142,IJKL,P1_2,G7,35
142,IJKL,P1_3,H7,35
142,IJKL,P1_4,H8,35
142,IJKL,P1_4,G8,35
142,IJKL,P1_5,F8,35
142,IJKL,P1_5,E8,35
142,IJKL,P1_5,D8,35
142,IJKL,P1_5,C8,35
142,IJKL,P1_5,B8,35
143,ABCD,f3_1,E9,35
143,ABCD,f3_1,F9,35
143,ABCD,f3_1,G9,35
143,ABCD,f3_1,H9,35
143,ABCD,f3_1,H10,35
143,ABCD,f3_1,G10,35
143,ABCD,f3_2,F10,35
143,ABCD,f3_3,E10,35
143,ABCD,f3_4,D10,35
143,ABCD,f3_5,C10,35
143,ABCD,f3_5,B10,35
143,ABCD,f3_5,A10,35
143,ABCD,f3_5,A11,35
143,ABCD,f3_5,B11,35
143,ABCD,f3_5,C11,35
143,ABCD,f3_5,D11,35
143,ABCD,f3_5,E11,35
143,ABCD,f8_1,D1,35
143,ABCD,f8_1,E1,35
143,ABCD,f8_1,F1,35
143,ABCD,f8_1,G1,35
143,ABCD,f8_1,H1,35
143,ABCD,f8_2,H2,35
143,ABCD,f8_3,G2,35
143,ABCD,f8_4,F2,35
143,ABCD,f8_4,E2,35
143,ABCD,f8_5,D2,35
143,ABCD,f8_5,C2,35
143,ABCD,f8_5,B2,35
143,ABCD,f8_5,A2,35
143,ABCD,f8_5,A3,35
143,ABCD,f8_5,B3,35
143,ABCD,f8_5,C3,35
143,ABCD,f7_1,H4,35
143,ABCD,f7_1,G4,35
143,ABCD,f7_1,F4,35
143,ABCD,f7_1,E4,35
143,ABCD,f7_1,D4,35
143,ABCD,f7_1,C4,35
143,ABCD,f7_2,B4,35
143,ABCD,f7_3,A4,35
143,ABCD,f7_4,A5,35
143,ABCD,f7_5,B5,35
143,ABCD,f7_5,C5,35
143,ABCD,f7_5,D5,35
143,ABCD,f7_5,E5,35
143,ABCD,f7_5,F5,35
143,ABCD,f7_5,G5,35
143,ABCD,f7_5,H5,35
143,ABCD,f7_5,H6,35
143,ABCD,f6_1,A6,35
143,ABCD,f6_1,A7,35
143,ABCD,f6_1,B7,35
143,ABCD,f6_1,C7,35
143,ABCD,f6_1,D7,35
143,ABCD,f6_2,E7,35
143,ABCD,f6_3,F7,35
143,ABCD,f6_4,G7,35
143,ABCD,f6_5,H7,35
143,ABCD,f6_5,H8,35
143,ABCD,f6_5,G8,35
143,ABCD,f6_5,F8,35
143,ABCD,f6_5,E8,35
143,ABCD,f6_5,D8,35
143,ABCD,f6_5,C8,35
143,ABCD,f6_5,B8,35
143,MNOP,b12_1,F9,35
143,MNOP,b12_1,G9,35
143,MNOP,b12_1,H9,35
143,MNOP,b12_1,H10,35
143,MNOP,b12_1,G10,35
143,MNOP,b12_2,F10,35
143,MNOP,b12_3,E10,35
143,MNOP,b12_4,D10,35
143,MNOP,b12_4,C10,35
143,MNOP,b12_5,B10,35
143,MNOP,b12_5,A10,35
143,MNOP,b12_5,A11,0
143,MNOP,b12_5,B11,35
143,MNOP,b12_5,C11,35
143,MNOP,b12_5,D11,35
143,MNOP,b12_5,E11,35
143,MNOP,d3_1,B6,35
143,MNOP,d3_1,A6,35
143,MNOP,d3_1,A7,35
143,MNOP,d3_1,B7,35
143,MNOP,d3_1,C7,35
143,MNOP,d3_1,D7,35
143,MNOP,d3_2,E7,35
143,MNOP,d3_3,F7,35
143,MNOP,d3_4,G7,35
143,MNOP,d3_5,H7,35
143,MNOP,d3_5,H8,35
143,MNOP,d3_5,G8,34
143,MNOP,d3_5,F8,35
143,MNOP,d3_5,E8,35
143,MNOP,d3_5,D8,35
143,MNOP,d3_5,C8,35
143,MNOP,d3_5,B8,35
143,MNOP,c4_1,G4,35
143,MNOP,c4_1,F4,35
143,MNOP,c4_1,E4,35
143,MNOP,c4_1,D4,35
143,MNOP,c4_1,C4,35
143,MNOP,c4_2,B4,35
143,MNOP,c4_3,A4,35
143,MNOP,c4_3,A5,35
143,MNOP,c4_4,B5,35
143,MNOP,c4_5,C5,35
143,MNOP,c4_5,D5,35
143,MNOP,c4_5,E5,35
143,MNOP,c4_5,F5,35
143,MNOP,c4_5,G5,35
143,MNOP,c4_5,H5,35
143,MNOP,c4_5,H6,35
143,MNOP,O2_1,E1,35
143,MNOP,O2_1,F1,35
143,MNOP,O2_1,G1,35
143,MNOP,O2_1,H1,35
143,MNOP,O2_1,H2,35
143,MNOP,O2_2,G2,35
143,MNOP,O2_3,F2,35
143,MNOP,O2_4,E2,35
143,MNOP,O2_5,D2,35
143,MNOP,O2_5,C2,35
143,MNOP,O2_5,B2,35
143,MNOP,O2_5,A2,35
143,MNOP,O2_5,A3,35
143,MNOP,O2_5,B3,35
143,MNOP,O2_5,C3,35
144,ABCD,e5_1,A6,29
144,ABCD,e5_1,A7,32
144,ABCD,e5_1,B7,32
144,ABCD,e5_1,C7,32
144,ABCD,e5_1,D7,32
144,ABCD,e5_2,E7,32
144,ABCD,e5_3,F7,32
144,ABCD,e5_3,G7,32
144,ABCD,e5_4,H7,32
144,ABCD,e5_5,H8,32
144,ABCD,e5_5,G8,32
144,ABCD,e5_5,F8,32
144,ABCD,e5_5,E8,32
144,ABCD,e5_5,D8,32
144,ABCD,e5_5,C8,32
144,ABCD,e5_5,B8,32
144,ABCD,Y2_1,F9,32
144,ABCD,Y2_1,G9,32
144,ABCD,Y2_1,H9,32
144,ABCD,Y2_1,H10,32
144,ABCD,Y2_1,G10,32
144,ABCD,Y2_2,F10,32
144,ABCD,Y2_3,E10,32
144,ABCD,Y2_4,D10,32
144,ABCD,Y2_4,C10,32
144,ABCD,Y2_5,B10,32
144,ABCD,Y2_5,A10,32
144,ABCD,Y2_5,A11,32
144,ABCD,Y2_5,B11,32
144,ABCD,Y2_5,C11,32
144,ABCD,Y2_5,D11,32
144,ABCD,Y2_5,E11,32
144,ABCD,f10_1,G4,32
144,ABCD,f10_1,F4,32
144,ABCD,f10_1,E4,32
144,ABCD,f10_1,D4,32
144,ABCD,f10_1,C4,32
144,ABCD,f10_2,B4,32
144,ABCD,f10_3,A4,32
144,ABCD,f10_4,A5,32
144,ABCD,f10_4,B5,32
144,ABCD,f10_5,C5,32
144,ABCD,f10_5,D5,32
144,ABCD,f10_5,E5,32
144,ABCD,f10_5,F5,32
144,ABCD,f10_5,G5,32
144,ABCD,f10_5,H5,32
144,ABCD,f10_5,H6,32
144,ABCD,d6_1,D1,31
144,ABCD,d6_1,E1,32
144,ABCD,d6_1,F1,32
144,ABCD,d6_1,G1,32
144,ABCD,d6_1,H1,31
144,ABCD,d6_2,H2,32
144,ABCD,d6_3,G2,32
144,ABCD,d6_4,F2,32
144,ABCD,d6_4,E2,32
144,ABCD,d6_5,D2,32
144,ABCD,d6_5,C2,32
144,ABCD,d6_5,B2,32
144,ABCD,d6_5,A2,32
144,ABCD,d6_5,A3,32
144,ABCD,d6_5,B3,32
144,ABCD,d6_5,C3,32
144,E,Z8_1,D1,32
144,E,Z8_1,E1,32
144,E,Z8_1,F1,32
144,E,Z8_1,G1,32
144,E,Z8_1,H1,32
144,E,Z8_2,H2,32
144,E,Z8_3,G2,32
144,E,Z8_4,F2,32
144,E,Z8_4,E2,32
144,E,Z8_5,D2,32
144,E,Z8_5,C2,32
144,E,Z8_5,B2,32
144,E,Z8_5,A2,32
144,E,Z8_5,A3,32
144,E,Z8_5,B3,32
144,E,Z8_5,C3,32
146,ABCD,U2_1,E9,35
146,ABCD,U2_1,F9,35
146,ABCD,U2_1,G9,35
146,ABCD,U2_1,H9,35
146,ABCD,U2_1,H10,35
146,ABCD,U2_1,G10,35
146,ABCD,U2_2,F10,35
146,ABCD,U2_3,E10,35
146,ABCD,U2_4,D10,35
146,ABCD,U2_4,C10,35
146,ABCD,U2_5,B10,35
146,ABCD,U2_5,A10,35
146,ABCD,U2_5,A11,35
146,ABCD,U2_5,B11,35
146,ABCD,U2_5,C11,35
146,ABCD,U2_5,D11,35
146,ABCD,U2_5,E11,35
146,ABCD,W1_1,G4,35
146,ABCD,W1_1,F4,35
146,ABCD,W1_1,E4,35
146,ABCD,W1_1,D4,35
146,ABCD,W1_1,C4,35
146,ABCD,W1_2,B4,35
146,ABCD,W1_3,A4,35
146,ABCD,W1_3,A5,35
146,ABCD,W1_4,B5,35
146,ABCD,W1_5,C5,35
146,ABCD,W1_5,D5,35
146,ABCD,W1_5,E5,35
146,ABCD,W1_5,F5,35
146,ABCD,W1_5,G5,35
146,ABCD,W1_5,H5,35
146,ABCD,W1_5,H6,35
146,ABCD,M4_1,D1,35
146,ABCD,M4_1,E1,35
146,ABCD,M4_1,F1,35
146,ABCD,M4_1,G1,35
146,ABCD,M4_1,H1,35
146,ABCD,M4_2,H2,35
146,ABCD,M4_3,G2,35
146,ABCD,M4_3,F2,35
146,ABCD,M4_4,E2,35
146,ABCD,M4_5,D2,35
146,ABCD,M4_5,C2,35
146,ABCD,M4_5,B2,35
146,ABCD,M4_5,A2,34
146,ABCD,M4_5,A3,35
146,ABCD,M4_5,B3,35
146,ABCD,M4_5,C3,35
146,ABCD,T6_1,A6,35
146,ABCD,T6_1,A7,35
146,ABCD,T6_1,B7,35
146,ABCD,T6_1,C7,35
146,ABCD,T6_1,D7,35
146,ABCD,T6_2,E7,35
146,ABCD,T6_3,F7,35
146,ABCD,T6_4,G7,35
146,ABCD,T6_4,H7,35
146,ABCD,T6_5,H8,35
146,ABCD,T6_5,G8,35
146,ABCD,T6_5,F8,35
146,ABCD,T6_5,E8,35
146,ABCD,T6_5,D8,35
146,ABCD,T6_5,C8,35
146,ABCD,T6_5,B8,35
146,EFGH,Q1_1,B6,35
146,EFGH,Q1_1,A6,35
146,EFGH,Q1_1,A7,35
146,EFGH,Q1_1,B7,35
146,EFGH,Q1_1,C7,35
146,EFGH,Q1_1,D7,35
146,EFGH,Q1_2,E7,35
146,EFGH,Q1_3,F7,35
146,EFGH,Q1_3,G7,35
146,EFGH,Q1_4,H7,35
146,EFGH,Q1_5,H8,35
146,EFGH,Q1_5,G8,35
146,EFGH,Q1_5,F8,35
146,EFGH,Q1_5,E8,35
146,EFGH,Q1_5,D8,35
146,EFGH,Q1_5,C8,35
146,EFGH,Q1_5,B8,35
146,EFGH,Y3_1,C1,35
146,EFGH,Y3_1,D1,35
146,EFGH,Y3_1,E1,35
146,EFGH,Y3_1,F1,35
146,EFGH,Y3_1,G1,35
146,EFGH,Y3_1,H1,35
146,EFGH,Y3_2,H2,35
146,EFGH,Y3_3,G2,35
146,EFGH,Y3_4,F2,35
146,EFGH,Y3_4,E2,35
146,EFGH,Y3_5,D2,35
146,EFGH,Y3_5,C2,35
146,EFGH,Y3_5,B2,35
146,EFGH,Y3_5,A2,35
146,EFGH,Y3_5,A3,35
146,EFGH,Y3_5,B3,35
146,EFGH,Y3_5,C3,35
146,IJKL,Z6_1,D1,35
146,IJKL,Z6_1,E1,35
146,IJKL,Z6_1,F1,35
146,IJKL,Z6_1,G1,35
146,IJKL,Z6_1,H1,35
146,IJKL,Z6_2,H2,35
146,IJKL,Z6_3,G2,35
146,IJKL,Z6_4,F2,35
146,IJKL,Z6_5,E2,35
146,IJKL,Z6_5,D2,35
146,IJKL,Z6_5,C2,35
146,IJKL,Z6_5,B2,35
146,IJKL,Z6_5,A2,35
146,IJKL,Z6_5,A3,35
146,IJKL,Z6_5,B3,35
146,IJKL,Z6_5,C3,35
146,IJKL,K5_1,B6,35
146,IJKL,K5_1,A6,35
146,IJKL,K5_1,A7,35
146,IJKL,K5_1,B7,35
146,IJKL,K5_1,C7,35
146,IJKL,K5_1,D7,35
146,IJKL,K5_2,E7,35
146,IJKL,K5_3,F7,35
146,IJKL,K5_4,G7,35
146,IJKL,K5_5,H7,35
146,IJKL,K5_5,H8,35
146,IJKL,K5_5,G8,35
146,IJKL,K5_5,F8,35
146,IJKL,K5_5,E8,35
146,IJKL,K5_5,D8,35
146,IJKL,K5_5,C8,35
146,IJKL,K5_5,B8,35
146,IJKL,X3_1,E9,35
146,IJKL,X3_1,F9,35
146,IJKL,X3_1,G9,35
146,IJKL,X3_1,H9,35
146,IJKL,X3_1,H10,35
146,IJKL,X3_1,G10,35
146,IJKL,X3_2,F10,35
146,IJKL,X3_3,E10,35
146,IJKL,X3_4,D10,35
146,IJKL,X3_5,C10,35
146,IJKL,X3_5,B10,35
146,IJKL,X3_5,A10,35
146,IJKL,X3_5,A11,35
146,IJKL,X3_5,B11,35
146,IJKL,X3_5,C11,35
146,IJKL,X3_5,D11,35
146,IJKL,X3_5,E11,31
146,IJKL,S6_1,G4,35
146,IJKL,S6_1,F4,35
146,IJKL,S6_1,E4,35
146,IJKL,S6_1,D4,35
146,IJKL,S6_1,C4,35
146,IJKL,S6_2,B4,35
146,IJKL,S6_3,A4,35
146,IJKL,S6_3,A5,35
146,IJKL,S6_4,B5,35
146,IJKL,S6_5,C5,35
146,IJKL,S6_5,D5,35
146,IJKL,S6_5,E5,35
146,IJKL,S6_5,F5,35
146,IJKL,S6_5,G5,35
146,IJKL,S6_5,H5,35
146,IJKL,S6_5,H6,32
149,MNOP,V1_1,F1,35
149,MNOP,V1_1,G1,35
149,MNOP,V1_1,H1,35
149,MNOP,V1_1,H2,35
149,MNOP,V1_1,G2,35
149,MNOP,V1_2,F2,35
149,MNOP,V1_3,E2,35
149,MNOP,V1_4,D2,35
149,MNOP,V1_5,C2,35
149,MNOP,V1_5,B2,35
149,MNOP,V1_5,A2,32
149,MNOP,V1_5,A3,35
149,MNOP,V1_5,B3,35
149,MNOP,V1_5,C3,35
149,MNOP,V1_5,D3,35
149,MNOP,M6_1,F4,35
149,MNOP,M6_1,E4,35
149,MNOP,M6_1,D4,35
149,MNOP,M6_1,C4,35
149,MNOP,M6_1,B4,35
149,MNOP,M6_2,A4,35
149,MNOP,M6_2,A5,35
149,MNOP,M6_3,B5,35
149,MNOP,M6_4,C5,35
149,MNOP,M6_5,D5,35
149,MNOP,M6_5,E5,35
149,MNOP,M6_5,F5,35
149,MNOP,M6_5,G5,35
149,MNOP,M6_5,H5,35
149,MNOP,M6_5,H6,35
149,MNOP,M6_5,G6,35
149,MNOP,Z1_1,G9,35
149,MNOP,Z1_1,H9,35
149,MNOP,Z1_1,H10,35
149,MNOP,Z1_1,G10,35
149,MNOP,Z1_1,F10,35
149,MNOP,Z1_2,E10,35
149,MNOP,Z1_3,D10,35
149,MNOP,Z1_4,C10,35
149,MNOP,Z1_4,B10,35
149,MNOP,Z1_5,A10,35
149,MNOP,Z1_5,A11,35
149,MNOP,Z1_5,B11,35
149,MNOP,Z1_5,C11,35
149,MNOP,Z1_5,D11,35
149,MNOP,Z1_5,E11,35
149,MNOP,Z1_5,F11,35
